subject,start_sec,true_label,svm_score,baseline_deviation_score,combined_score,svm_pred,baseline_pred,combined_pred
S10,60,0,0.6580990268418535,50.407589494233804,35.48274235401621,0,0,0
S10,90,0,3.022522028591724,44.83986932667408,32.294665137249375,0,0,0
S10,120,0,3.286918638977449,23.948968192911845,17.750353326731528,0,0,0
S10,150,0,15.185022372965,36.49037950047952,30.098772362225162,0,0,0
S10,180,0,4.244827527972542,26.422138116237548,19.768944939758047,0,0,0
S10,210,0,6.468291169401195,25.512595838634844,19.79930443786475,0,0,0
S10,240,0,2.7392997512982835,28.862225759556225,21.02534795707884,0,0,0
S10,270,0,1.7553397856242117,25.80933937478659,18.593139498037875,0,0,0
S10,300,0,9.15728545589396,34.43545334509336,26.852002978333537,0,0,0
S10,330,0,8.196315976063595,25.27076204266885,20.148428222687272,0,0,0
S10,360,0,7.301604718303946,25.466866492648155,20.01728796034489,0,0,0
S10,390,0,9.150156748501184,27.731818091294226,22.15731968845631,0,0,0
S10,420,0,6.142185791760061,25.66132394069346,19.80558249601344,0,0,0
S10,450,0,0.06368028927513103,39.99217741366445,28.013628276347653,0,0,0
S10,480,0,1.4865528358441646,39.394268686836774,28.02195393153899,0,0,0
S10,510,0,0.060705579237412106,32.52108467357221,22.78297094527177,0,0,0
S10,540,0,0.38188252985581606,19.49262057250677,13.759399159711482,0,0,0
S10,570,0,0.1632936230302877,21.018810045318205,14.762155118631828,0,0,0
S10,600,0,0.6120645697076668,27.362869203581308,19.337627813419214,0,0,0
S10,630,0,0.929851332187753,20.041673302282536,14.3081267112541,0,0,0
S10,660,0,1.089578832576609,19.7760881080836,14.1701353254315,0,0,0
S10,690,0,0.22956342202823132,15.627363925894034,11.008023774734292,0,0,0
S10,720,0,0.032241606423113835,38.07473095109406,26.661984147692774,0,0,0
S10,750,0,0.054368816091223716,42.43510024128153,29.72088081372444,0,0,0
S10,780,0,4.014705875900608,39.84235314686791,29.094058965577716,0,0,0
S10,810,0,0.23531267915338944,39.84235314686791,27.960241006553552,0,0,0
S10,840,0,0.9538954182090075,19.021886357655692,13.601489075821686,0,0,0
S10,870,0,0.8346004233682249,20.778337160237236,14.795216139176532,0,0,0
S10,900,0,0.1404217092787914,21.7756062544344,15.285050890887717,0,0,0
S10,930,0,0.4199892920568749,32.66467349597056,22.991268234796454,0,0,0
S10,960,0,9.916835955787315,56.87826173332342,42.78983400006259,0,0,0
S10,990,0,26.12021441343507,46.991245100900194,40.729935894660656,0,0,0
S10,1020,0,25.80300094847403,45.723405817013344,39.747284356451544,0,0,0
S10,1050,0,34.98140377690849,47.50072100848407,43.744925839011394,0,0,0
S10,1080,0,2.9169185362751113,39.48058544127723,28.51148536977659,0,0,0
S10,1110,0,0.055174493861530165,24.900864623748532,17.44715758478243,0,0,0
S10,1140,0,0.07268469994481394,19.52231496186113,13.687425883286236,0,0,0
S10,1170,0,0.04119609554633565,22.12603366055097,15.500582391049578,0,0,0
S10,1200,0,0.007032771075487876,24.995492918892847,17.498954874547636,0,0,0
S10,1230,0,0.11426512588614134,23.902916109071693,16.76632081411603,0,0,0
S10,1260,0,0.11635786739888723,79.95662515077923,56.00454496576513,0,1,0
S10,3150,1,95.7212692959255,98.16843611112658,97.43428606656626,1,1,1
S10,3180,1,96.42605358683554,98.16843611112658,97.64572135383926,1,1,1
S10,3210,1,83.50174491913207,98.16843611112658,93.76842875352823,1,1,1
S10,3240,1,91.37255861725629,98.16843611112658,96.12967286296549,1,1,1
S10,3270,1,50.82128859189354,98.16843611112658,83.96429185535666,1,1,1
S10,3300,1,46.4550975591792,98.16843611112658,82.65443454554236,1,1,1
S10,3330,1,83.02388429025733,98.16843611112658,93.62507056486581,1,1,1
S10,3360,1,99.02892586680288,98.16843611112658,98.42658303782947,1,1,1
S10,3390,1,98.4947492415075,98.16843611112658,98.26633005024087,1,1,1
S10,3420,1,95.07679813864026,98.16843611112658,97.24094471938068,1,1,1
S10,3450,1,42.915075998739006,97.37146239818703,81.03454647835262,0,1,1
S10,3480,1,57.87114949165421,98.16843611112658,86.07925012528487,1,1,1
S10,3510,1,62.79203731833508,98.16843611112658,87.55551647328913,1,1,1
S10,3540,1,97.03283249771366,98.16843611112658,97.82775502710271,1,1,1
S10,3570,1,99.99984395632158,98.16843611112658,98.71785846468508,1,1,1
S10,3600,1,98.22741042934845,98.16843611112658,98.18612840659314,1,1,1
S10,3630,1,41.00678732382821,98.16843611112658,81.01994147493707,0,1,1
S10,3660,1,78.40369063738014,98.16843611112658,92.23901246900265,1,1,1
S10,3690,1,87.73762574754764,98.16843611112658,95.0391930020529,1,1,1
S10,3720,1,58.01274485645678,98.16843611112658,86.12172873472564,1,1,1
S10,3750,1,49.432697508132115,98.16843611112658,83.54771453022823,1,1,1
S10,3780,1,68.39987632902701,98.16843611112658,89.2378681764967,1,1,1
S10,3810,1,49.08145576675457,97.74592563837449,83.14658467688851,1,1,1
S10,3840,1,54.921023017074965,96.25874874029216,83.857431023327,1,1,1
S10,3870,1,65.69266415233042,96.89155102397456,87.53188496248131,1,1,1
S10,3900,1,94.6516378554839,97.0329565750943,96.31856095921117,1,1,1
S11,30,0,2.330043805946344,65.7399386409905,46.71697019047725,0,0,0
S11,60,0,0.08671317038978966,54.68564395062436,38.30596471655399,0,0,0
S11,90,0,0.021307266174954955,54.171454197204284,37.92641011789548,0,0,0
S11,120,0,0.21753882868361796,37.803530774977176,26.527733191089105,0,0,0
S11,150,0,37.82327074640203,36.60674486639066,36.97170263039408,1,0,0
S11,180,0,0.007115870052945472,36.34317659816036,25.442358379728137,0,0,0
S11,210,0,0.002041824345848543,34.55823022223263,24.191373702866592,0,0,0
S11,240,0,0.0007952614922022884,36.79460128035432,25.756459474695685,0,0,0
S11,270,0,0.0034753910457025463,38.28627189610636,26.801432944588164,0,0,0
S11,300,0,0.005719554638374989,28.81318281689077,20.170943838215052,0,0,0
S11,330,0,0.00780439478006877,34.22970119026992,23.963132151622965,0,0,0
S11,360,0,0.054140920445918964,36.58267995220598,25.624118242677962,0,0,0
S11,390,0,0.012817487818341501,34.373066254025176,24.064991624163124,0,0,0
S11,420,0,0.004159315713558889,34.13865333658471,23.898305130323365,0,0,0
S11,450,0,0.06626737836922524,32.163505445847285,22.534334025603865,0,0,0
S11,480,0,0.032489207723054844,28.420241238488806,19.903915629259078,0,0,0
S11,510,0,0.0461025404621353,21.193006899339473,14.84893559167627,0,0,0
S11,540,0,0.10734118230203692,29.596679706318284,20.749878149113407,0,0,0
S11,570,0,0.007615175588438409,23.439587133025174,16.409995545794153,0,0,0
S11,600,0,0.00907603686206579,35.00651831496271,24.50728563153252,0,0,0
S11,630,0,0.004924034951665488,31.89264773011029,22.326330621562704,0,0,0
S11,660,0,0.016834343526011396,29.242554353393935,20.474838350433558,0,0,0
S11,690,0,0.04413228607279919,43.137934856279536,30.209794085217514,0,0,0
S11,720,0,0.006303212844416729,42.67664430540184,29.875541977634608,0,0,0
S11,750,0,0.0035662906981734997,15.94782662520311,11.164548524851629,0,0,0
S11,780,0,0.03439508993787806,17.414267906092707,12.200306061246257,0,0,0
S11,810,0,0.07577565847467514,25.82893323234633,18.10298596018483,0,0,0
S11,840,0,0.04214946741243185,26.78254583705644,18.760426926163234,0,0,0
S11,870,0,0.0014569176502903034,19.122158856096018,13.385948274562299,0,0,0
S11,900,0,0.0006789804649632249,15.758018838040533,11.030816880767862,0,0,0
S11,930,0,0.00015164221771826714,17.941374032566003,12.559007315461516,0,0,0
S11,960,0,0.020776284572662923,21.837210224389203,15.29228004244424,0,0,0
S11,990,0,0.03751372177940462,35.20460820378577,24.654479859183855,0,0,0
S11,1020,0,0.23557696550017573,33.05757504632876,23.210975622080184,0,0,0
S11,1050,0,0.9780039696462159,30.863848970385753,21.898095470163888,0,0,0
S11,1080,0,0.4087126160605469,21.923823623836903,15.469290321503994,0,0,0
S11,1110,0,0.00505943152853493,35.27421020129522,24.693464970365213,0,0,0
S11,1140,0,0.0046728352557256275,30.897219442607337,21.62945546040185,0,0,0
S11,1170,0,0.005455915961115714,25.4118875332909,17.789958048091965,0,0,0
S11,1200,0,0.0038194716337134637,24.201035969572448,16.941871020190828,0,0,0
S11,1230,0,8.155832180409746,54.02675845207878,40.26548057057807,0,0,0
S11,1260,0,12.38081521301047,50.435134687362535,39.01883884505691,0,0,0
S11,1860,1,96.8404762432408,62.53484077174478,72.82653141319359,1,0,1
S11,1890,1,78.01858564901076,70.77618054191419,72.94890207404316,1,1,1
S11,1920,1,68.88894502368555,76.8931838724847,74.49191221784496,1,1,1
S11,1950,1,86.55838428390491,81.08399358014597,82.72631079127365,1,1,1
S11,1980,1,92.2793479025625,80.9211574251307,84.32861456836025,1,1,1
S11,2010,1,94.04340466459365,83.88166711611512,86.93018838065868,1,1,1
S11,2040,1,92.30797470335905,85.22271686228353,87.34829421460618,1,1,1
S11,2070,1,98.30023324469335,85.04364090007367,89.02061860345957,1,1,1
S11,2100,1,99.42612124770163,87.94207771554771,91.38729077519389,1,1,1
S11,2130,1,99.43387975893566,89.39892429912184,92.40941093706599,1,1,1
S11,2160,1,99.45356569397336,90.78394062246325,93.38482814391628,1,1,1
S11,2190,1,99.99920757598922,91.37667995897239,93.96343824407744,1,1,1
S11,2220,1,84.78659312643822,92.79585738304935,90.39307810606601,1,1,1
S11,2250,1,49.360847947599275,93.73706895456276,80.42420265247372,1,1,1
S11,2280,1,72.70137777546685,94.36280355926127,87.86437582412293,1,1,1
S11,2310,1,66.0888886502463,95.0032081085439,86.32891227105463,1,1,1
S11,2340,1,89.45687604778531,92.82516844439075,91.81468072540912,1,1,1
S11,2370,1,79.55558761350332,93.76587022160798,89.50278543917658,1,1,1
S11,2400,1,79.9963062298217,90.2975464168423,87.20717436073612,1,1,1
S11,2430,1,82.43954314791424,95.7256397575955,91.73981077469112,1,1,1
S11,2460,1,71.31164639977467,96.27602036305947,88.78670817407402,1,1,1
S11,2490,1,73.0963922945401,94.26422890472452,87.9138779216692,1,1,1
S11,2520,1,62.10674057147164,96.10727972679253,85.90711798019626,1,1,1
S11,2550,1,74.41017208807165,94.98914356441917,88.81545212151491,1,1,1
S11,2580,1,36.203795552039836,88.65066191619327,72.91660200694723,1,1,1
S13,30,0,83.57524238155901,62.71346994635929,71.05817892043919,1,0,1
S13,60,0,85.55173260017762,58.40855880971658,69.265828325901,1,0,1
S13,90,0,70.18776597757208,48.35062461605588,57.08548116066237,1,0,0
S13,120,0,5.8641444354643895,50.98725838713199,32.93801280646495,0,0,0
S13,150,0,3.8293704262841692,44.238634612614355,28.07492893808228,0,0,0
S13,180,0,6.47702732352479,48.464577803561916,31.669557611547063,0,0,0
S13,210,0,59.186480366923156,42.35312344808585,49.086466215620774,1,0,0
S13,240,0,68.64418842976399,42.35312344808585,52.869549440757105,1,0,0
S13,270,0,91.34856909926603,40.71004804418364,60.965456466216594,1,0,1
S13,300,0,84.32231673739994,39.08286435969567,57.178645310777384,1,0,0
S13,330,0,45.925072982129784,35.42320058460208,39.62394954361316,1,0,0
S13,360,0,21.724232521079845,26.692514634938824,24.705201789395232,0,0,0
S13,390,0,4.325848428762295,28.119763017788767,18.602197182178177,0,0,0
S13,420,0,7.428631214513621,26.761357539279917,19.0282670093734,0,0,0
S13,450,0,15.25095277409484,25.57835066965629,21.44739151143171,0,0,0
S13,480,0,0.14028660083331582,25.193018516046074,15.17192574996097,0,0,0
S13,510,0,0.0678792919256334,26.70607214594819,16.050795004339165,0,0,0
S13,540,0,0.03422899521089689,35.625601815033214,21.38905268710429,0,0,0
S13,570,0,4.599816315692067,36.77731964278406,23.90631831194726,0,0,0
S13,600,0,0.12783839424660814,25.940905996753926,15.615678955750997,0,0,0
S13,630,0,73.74516306120414,41.31923812548499,54.28960809977265,1,0,0
S13,660,0,64.7181451127354,26.942236272568888,42.05259980863549,1,0,0
S13,690,0,7.987908478805207,21.027712828373723,15.811791088546316,0,0,0
S13,720,0,2.058377664089284,22.86799331421533,14.544147054164911,0,0,0
S13,750,0,0.1332703887471749,19.636102523633546,11.834969669678998,0,0,0
S13,780,0,0.632203314968995,24.643715140731757,15.039110410426652,0,0,0
S13,810,0,0.16060962103469684,20.289403338158973,12.237885851309262,0,0,0
S13,840,0,0.0020345434146878784,33.7690919935957,20.262269013523294,0,0,0
S13,870,0,0.00911903331148428,42.34750587769669,25.412151139942605,0,0,0
S13,900,0,0.04275492629898733,25.482760731968447,15.306758409700663,0,0,0
S13,930,0,4.418486878666113,35.629163027806776,23.14489256815051,0,0,0
S13,960,0,0.25727466358096124,25.846311169156632,15.610696566926363,0,0,0
S13,990,0,0.062464045135876174,27.003767402320257,16.227246059446504,0,0,0
S13,1020,0,0.03249877918501065,31.8710129287182,19.135607268904923,0,0,0
S13,1050,0,0.005167983604402682,20.591106056598907,12.356730827401105,0,0,0
S13,1080,0,0.7825416999733086,24.673575714108843,15.117162108454627,0,0,0
S13,1110,0,3.3670331637632582,30.465528590452973,19.626130419777088,0,0,0
S13,1140,0,0.18048698169123062,36.928552757927605,22.229326447433053,0,0,0
S13,1170,0,0.02414998106354883,37.13854797478165,22.292788777294408,0,0,0
S13,1200,0,0.040586842757607135,36.21553408997428,21.74555519108761,0,0,0
S13,1230,0,0.7321655673983113,41.0423675983544,24.91828678597197,0,0,0
S13,1260,0,0.040262670683795375,56.001835002943956,33.61720607003989,0,0,0
S13,3210,1,93.42470144391585,55.98459166895138,70.96063557893717,1,0,1
S13,3240,1,94.47573312477469,68.43900283498733,78.85369495090228,1,1,1
S13,3270,1,88.50014884489953,72.33034133205605,78.79826433719344,1,1,1
S13,3300,1,69.22580587899763,81.89007261940986,76.82436592324497,1,1,1
S13,3330,1,72.77871090854939,87.91740718722471,81.86192867575458,1,1,1
S13,3360,1,68.6565168167929,88.5335725026122,80.58275022828448,1,1,1
S13,3390,1,83.61279858325005,90.29662064085811,87.6230918178149,1,1,1
S13,3420,1,84.69864678438363,91.89313692023153,89.01534086589237,1,1,1
S13,3450,1,76.22903641136617,96.11152670473282,88.15853058738617,1,1,1
S13,3480,1,81.28486541713063,97.20844571758609,90.8390135974039,1,1,1
S13,3510,1,80.5476671695724,96.41676687208486,90.06912699107988,1,1,1
S13,3540,1,81.61739174431932,96.62303397679895,90.6207770838071,1,1,1
S13,3570,1,92.14530602410686,92.3420070789322,92.26332665700207,1,1,1
S13,3600,1,90.18362671260823,95.02594562482066,93.08901805993568,1,1,1
S13,3630,1,84.95769889619224,91.73995178623676,89.02705063021895,1,1,1
S13,3660,1,87.36219233794932,89.8603512753515,88.86108770039063,1,1,1
S13,3690,1,93.874593856111,89.35147795320077,91.16072431436487,1,1,1
S13,3720,1,86.70226766674138,92.6678388967549,90.2816104047495,1,1,1
S13,3750,1,79.48644513939756,90.97487986658246,86.3795059757085,1,1,1
S13,3780,1,88.90078060660515,90.8253838241287,90.0555425371193,1,1,1
S13,3810,1,67.61310709890881,92.37431947942035,82.46983452721574,1,1,1
S13,3840,1,74.1121575851636,88.38769229162337,82.67747840903947,1,1,1
S13,3870,1,87.57659415946299,89.9655916077694,89.00999262844684,1,1,1
S13,3900,1,69.08093817572461,88.70949539715352,80.85807250858196,1,1,1
S14,0,0,64.63013451963772,96.56248851743354,83.78954691831521,1,1,1
S14,30,0,0.23027497513533646,31.575580390902736,19.037458224595774,0,0,0
S14,60,0,0.004138785275313374,25.372207540165427,15.22498003820938,0,0,0
S14,90,0,0.00831195496697762,36.175600941598,21.70868534694559,0,0,0
S14,120,0,0.009344420929869469,35.77456396782716,21.468476149068245,0,0,0
S14,150,0,3.471444407008295,71.4732548644962,44.27253068150103,0,1,0
S14,180,0,0.26467521483178363,60.87488963575108,36.630803867383364,0,0,0
S14,210,0,0.8425227114717446,30.87064696866446,18.859397265787372,0,0,0
S14,240,0,0.4750521820565054,32.08128134187594,19.438789677948165,0,0,0
S14,270,0,0.5416529622846814,26.817842824318127,16.307366879504748,0,0,0
S14,300,0,0.09399097355093998,32.56312920773764,19.575473914062957,0,0,0
S14,330,0,0.11740146269238419,32.5267051344637,19.56298366575517,0,0,0
S14,360,0,1.3472475003306346,35.00921217383627,21.544426304434015,0,0,0
S14,390,0,0.18399380774186067,37.808334018163755,22.758597933994995,0,0,0
S14,420,0,13.769719653516729,38.56123839388419,28.6446308977372,0,0,0
S14,450,0,0.01971418482460201,23.97852189613703,14.394998811612059,0,0,0
S14,480,0,31.72913748420754,27.92790648843022,29.44839888674115,1,0,0
S14,510,0,0.07710341676803661,31.660207726744794,19.02696600275409,0,0,0
S14,540,0,0.07183938632312599,25.093381262834647,15.084764512230038,0,0,0
S14,570,0,0.052822352147944694,20.99624768927546,12.618877554424454,0,0,0
S14,600,0,0.05325705002677313,26.42840257113811,15.878344362693575,0,0,0
S14,630,0,0.0028083019601202494,25.503688329957708,15.303336318758673,0,0,0
S14,660,0,0.027527852392294425,23.069397865553963,13.852649860289295,0,0,0
S14,690,0,0.11899839198035903,27.113023724423634,16.315413591446323,0,0,0
S14,720,0,0.028196733393885686,29.592592880591994,17.766834421712748,0,0,0
S14,750,0,0.05442449329822212,31.545514294308152,18.949078373904182,0,0,0
S14,780,0,0.048934051084699184,23.240843327374662,13.964079616858676,0,0,0
S14,810,0,0.1346935470127869,21.55157956423095,12.984825157343684,0,0,0
S14,840,0,0.009598189403071005,19.15395313996863,11.496211159742405,0,0,0
S14,870,0,0.014744607912443614,17.8584716934048,10.720980859207856,0,0,0
S14,900,0,0.2442525014160779,63.48867229895932,38.190904379942026,0,0,0
S14,930,0,11.394289226082792,60.32015746684971,40.74981017054294,0,0,0
S14,960,0,20.82288041733891,32.32526328329346,27.72431013691164,0,0,0
S14,990,0,0.7630402479639812,38.44779850686504,23.373895203304617,0,0,0
S14,1020,0,0.17520203043028013,38.45480106607414,23.142961451816596,0,0,0
S14,1050,0,0.5758428734232757,26.592318121119007,16.185728022040713,0,0,0
S14,1080,0,0.006392904232645488,28.741868382755655,17.247678191346452,0,0,0
S14,1110,0,0.7684120545906644,29.968221488164883,18.288297714735194,0,0,0
S14,1140,0,0.2413828826800993,25.189021186081263,15.209965864720797,0,0,0
S14,1170,0,1.0833490347799297,90.84891897809729,54.94269100077034,0,1,1
S14,1200,0,2.175725436300231,89.91829921942043,54.82126970617235,0,1,1
S14,1860,1,46.77852890970885,82.91681175695258,68.46149861805509,1,1,1
S14,1890,1,56.92448287528963,69.35362328251647,64.38196711962573,1,1,1
S14,1920,1,3.6307759783791838,74.12394881113539,45.926679678032905,0,1,0
S14,1950,1,13.946385203601952,72.48816555337665,49.07145341346677,0,1,0
S14,1980,1,24.834060320887517,69.47598880581958,51.619217411846755,0,1,0
S14,2010,1,2.718452013588372,73.12497550011412,44.96236610550382,0,1,0
S14,2040,1,2.028793996551221,73.93478858155657,45.17239074755443,0,1,0
S14,2070,1,1.0652529022406942,72.60470739638083,43.98892559872478,0,1,0
S14,2100,1,2.9707260936209083,67.38589564002717,41.61982782146467,0,1,0
S14,2130,1,12.077154513146565,67.50718720229091,45.33517412663317,0,1,0
S14,2160,1,9.08280702751055,73.3622748045763,47.65048769375,0,1,0
S14,2190,1,47.41957768727556,68.159969824877,59.86381296983642,1,1,1
S14,2220,1,59.33287842898215,95.28638561984269,80.90498274349846,1,1,1
S14,2250,1,33.37898044884249,94.96772309546954,70.33222603681872,1,1,1
S14,2280,1,0.13278961257384073,82.58842146952934,49.606168726747136,0,1,0
S14,2310,1,5.1547078784874225,85.05344681173416,53.09395123843546,0,1,0
S14,2340,1,4.897036636664785,89.92637146030376,55.91463753084817,0,1,1
S14,2370,1,0.26629130501843545,87.55285520118574,52.63822964271881,0,1,0
S14,2400,1,0.21864293084950495,85.57153034928426,51.43037538191036,0,1,0
S14,2430,1,0.33765378982211935,82.03823616441849,49.35800321457994,0,1,0
S14,2460,1,1.038831411641087,83.75574036379793,50.66897678293519,0,1,0
S14,2490,1,0.0005865949130550887,83.9708401663619,50.382738737782354,0,1,0
S14,2520,1,4.0754559828829775,95.29648635024529,58.808074203300365,0,1,1
S14,2550,1,40.49110264988294,94.44029455013371,72.8606177900334,1,1,1
S15,60,0,10.09087554963808,29.260461366184543,21.592627039565958,0,0,0
S15,90,0,65.83105588878962,30.99462088641739,44.92919488736628,1,0,0
S15,120,0,17.103372252059444,34.9160788119234,27.790996187977818,0,0,0
S15,150,0,5.996910828974774,24.673290932696577,17.202738891207854,0,0,0
S15,180,0,24.608778925290768,40.75905989493743,34.298947507078765,1,0,0
S15,210,0,16.856104799723784,41.91707277999209,31.892685587884767,0,0,0
S15,240,0,81.12834036479256,40.79830627650677,56.93031991182109,1,0,0
S15,270,0,65.72917823505496,38.238489143679885,49.234764780229916,1,0,0
S15,300,0,11.016766173141756,26.532666009630702,20.326306075035124,0,0,0
S15,330,0,10.706115180946139,28.623065021906015,21.456285085522065,0,0,0
S15,360,0,16.27912640748699,28.68084211830744,23.720155833979263,0,0,0
S15,390,0,18.38104511357696,36.015639299658716,28.961801625226013,0,0,0
S15,420,0,31.866009918750482,36.626192186479244,34.72211927938774,1,0,0
S15,450,0,6.141148076536068,33.38835856700481,22.489474370817312,0,0,0
S15,480,0,1.3076754527158687,22.892514844656564,14.258579087880285,0,0,0
S15,510,0,0.4782481241175558,31.678665533461714,19.198498569724052,0,0,0
S15,540,0,0.06304810668530979,28.626631737068298,17.2011982849151,0,0,0
S15,570,0,0.1500913755535999,20.13482241300234,12.140929998022843,0,0,0
S15,600,0,0.6948904475826179,19.17722943933481,11.784293842633932,0,0,0
S15,630,0,0.8851148850270135,21.222053035162425,13.08727777510826,0,0,0
S15,660,0,1.3332341048572591,23.369515404385243,14.555002884574048,0,0,0
S15,690,0,5.569649532773471,25.90140916056045,17.768705309445657,0,0,0
S15,720,0,8.935318288298312,38.74106110263511,26.818763976900392,0,0,0
S15,750,0,4.578577253566713,39.561247256447075,25.56817925529493,0,0,0
S15,780,0,2.430459606905092,36.898324197934485,23.111178361522725,0,0,0
S15,810,0,3.816337631471489,27.276784918792174,17.8926060038639,0,0,0
S15,840,0,15.689716092420507,24.415166613423235,20.924986405022146,0,0,0
S15,870,0,22.37140909437011,24.060146909420865,23.384651783400564,1,0,0
S15,900,0,22.50211297734111,34.34651500104668,29.60875419156445,1,0,0
S15,930,0,25.1955547377762,29.496472087688453,27.776105147723552,1,0,0
S15,960,0,11.089599154497945,29.6535669884192,22.227979854850698,0,0,0
S15,990,0,2.825005351780183,30.25241176461735,19.28144919948248,0,0,0
S15,1020,0,19.694228994313292,42.99753268698774,33.67621120991796,0,0,0
S15,1050,0,2.4090803112684656,31.251625172813956,19.71460722819576,0,0,0
S15,1080,0,4.413538693258076,29.907544871573123,19.7099424002471,0,0,0
S15,1110,0,0.6786078577403473,29.951423469004347,18.242297224498746,0,0,0
S15,1140,0,5.776636320611558,32.07004149684439,21.552679426351254,0,0,0
S15,1170,0,62.7786669019756,30.045251774021953,43.13861782520341,1,0,0
S15,1200,0,67.13235423615262,38.384884282298174,49.883872263839955,1,0,0
S15,1230,0,53.45289555458479,30.55055094196645,39.711488787013785,1,0,0
S15,1260,0,66.38101867165402,58.419401846581096,61.60404857661027,1,0,1
S15,3060,1,80.70190433559354,98.16843611112658,91.18182340091336,1,1,1
S15,3090,1,78.05753369409271,98.16843611112658,90.12407514431303,1,1,1
S15,3120,1,98.27888096507215,98.16843611112658,98.21261405270481,1,1,1
S15,3150,1,94.6417652955429,98.16843611112658,96.7577677848931,1,1,1
S15,3180,1,80.83047530398613,98.16843611112658,91.2332517882704,1,1,1
S15,3210,1,80.45666209582542,98.16843611112658,91.08372650500611,1,1,1
S15,3240,1,84.08489847710295,98.16843611112658,92.53502105751713,1,1,1
S15,3270,1,96.60760240999551,98.16843611112658,97.54410263067415,1,1,1
S15,3300,1,95.32812134823695,98.16843611112658,97.03231020597073,1,1,1
S15,3330,1,91.0559694722949,98.16843611112658,95.3234494555939,1,1,1
S15,3360,1,94.80785425154046,98.16843611112658,96.82420336729213,1,1,1
S15,3390,1,94.58314815702722,98.16843611112658,96.73432092948684,1,1,1
S15,3420,1,12.740878964892172,98.16843611112658,63.99741325263281,0,1,1
S15,3450,1,85.93296686264085,98.16843611112658,93.27424841173229,1,1,1
S15,3480,1,85.10812501098364,98.16843611112658,92.9443116710694,1,1,1
S15,3510,1,66.63688846069464,95.18901517211708,83.7681644875481,1,1,1
S15,3540,1,1.5861954768060773,94.73619051471279,57.4761924995501,0,1,0
S15,3570,1,95.28270804297522,96.56623808172135,96.0528260662229,1,1,1
S15,3600,1,27.751284710911705,97.54925153515678,69.63006480545876,1,1,1
S15,3630,1,99.9998840939225,97.31862669587326,98.39112965509295,1,1,1
S15,3660,1,99.99975625237334,98.16843611112658,98.90096416762529,1,1,1
S15,3690,1,96.36377410520178,97.85855408694839,97.26064209424975,1,1,1
S15,3720,1,99.57795894049518,95.2959572482583,97.00875792515305,1,1,1
S15,3750,1,97.99580024022495,98.08624719326654,98.05006841204991,1,1,1
S15,3780,1,90.16863104264465,98.16843611112658,94.9685140837338,1,1,1
S16,60,0,1.1910686988511607,29.424483427763604,23.777800481981117,0,0,0
S16,90,0,3.054193278552279,24.00626173934467,19.815848047186194,0,0,0
S16,120,0,2.0842541662692615,30.779769287813775,25.040666263504875,0,0,0
S16,150,0,0.97870908982893,30.758102000396203,24.80222341828275,0,0,0
S16,180,0,1.95542252668212,24.549927353834335,20.03102638840389,0,0,0
S16,210,0,1.7479258309271093,31.572229534717167,25.607368793959154,0,0,0
S16,240,0,1.453049516652054,31.95699203751098,25.856203533339194,0,0,0
S16,270,0,0.5501829945029831,32.90689914501612,26.435555914913493,0,0,0
S16,300,0,0.5451848829041512,30.468329234515814,24.483700364193485,0,0,0
S16,330,0,1.0052383682813526,30.124004052399023,24.30025091557549,0,0,0
S16,360,0,12.911192373602415,28.706759655237747,25.547646198910684,0,0,0
S16,390,0,24.913657576870264,27.310324809995244,26.83099136337025,1,0,0
S16,420,0,1.704384611452287,27.981998530749085,22.72647574688973,0,0,0
S16,450,0,0.9832846724975095,24.570821552708257,19.853314176666107,0,0,0
S16,480,0,5.7417819274796855,21.40715780773681,18.274082631685385,0,0,0
S16,510,0,4.032899028124542,42.18673700963227,34.55596941333072,0,0,0
S16,540,0,0.30682172164592997,30.365960591320995,24.35413281738598,0,0,0
S16,570,0,0.1723535586864301,14.23369710444452,11.421428395292903,0,0,0
S16,600,0,23.190102366346714,21.755660669909094,22.04254900919662,0,0,0
S16,630,0,96.11860896574949,73.13640828530656,77.73284842139515,1,1,1
S16,660,0,91.7288925030621,71.82719391607736,75.80753363347432,1,1,1
S16,690,0,92.87907895078304,39.67387439012734,50.314915302258484,1,0,0
S16,720,0,40.406510185657154,28.085435997655306,30.549650835255676,1,0,0
S16,750,0,1.3793962813539726,27.448297605125195,22.234517340370953,0,0,0
S16,780,0,2.5954116826465414,26.657373229813885,21.84498092038042,0,0,0
S16,810,0,3.515495645486546,29.521975894805763,24.32067984494192,0,0,0
S16,840,0,6.9593150243663455,44.67698390333332,37.13345012753993,0,0,0
S16,870,0,31.555020231120906,32.078185280116415,31.973552270317313,1,0,0
S16,900,0,74.04177913047677,22.994111474128452,33.203645005398116,1,0,0
S16,930,0,79.23305896980992,27.201881999223687,37.60811739334093,1,0,0
S16,960,0,5.9734036407246975,29.502905539924395,24.797005160084456,0,0,0
S16,990,0,2.8046971351739742,22.686412274165257,18.710069246367002,0,0,0
S16,1020,0,5.987734761100157,33.296049252165396,27.834386353952347,0,0,0
S16,1050,0,1.4667409236237454,22.60104484494323,18.374184060679337,0,0,0
S16,1080,0,0.5656586422660003,31.983733156236838,25.70011825344267,0,0,0
S16,1110,0,6.0339239645706035,22.65922357551542,19.334163653326456,0,0,0
S16,1140,0,13.399794537259263,33.89987703894681,29.799860538609302,0,0,0
S16,1170,0,17.613502587147366,26.000819564611476,24.323356169118657,0,0,0
S16,1200,0,22.749014452824103,23.039495297178558,22.981399128307668,0,0,0
S16,1230,0,9.518281347380372,35.66195368405543,30.43321921672042,0,0,0
S16,1260,0,6.08925020102014,37.95938890370135,31.58536116316511,0,0,0
S16,1950,1,35.16649884518899,98.16843611112658,85.56804865793907,1,1,1
S16,1980,1,87.75838145517181,98.16843611112658,96.08642517993565,1,1,1
S16,2010,1,75.7477507749853,98.16843611112658,93.68429904389833,1,1,1
S16,2040,1,44.75401758408807,98.16843611112658,87.48555240571889,1,1,1
S16,2070,1,83.11585766875798,98.16843611112658,95.15792042265288,1,1,1
S16,2100,1,95.44383309296943,98.16843611112658,97.62351550749517,1,1,1
S16,2130,1,71.09304318944942,98.16843611112658,92.75335752679116,1,1,1
S16,2160,1,96.60331389664034,98.16843611112658,97.85541166822935,1,1,1
S16,2190,1,99.35952787598914,98.16843611112658,98.4066544640991,1,1,1
S16,2220,1,97.11651033184374,98.16843611112658,97.95805095527002,1,1,1
S16,2250,1,94.18791566815052,98.16843611112658,97.37233202253138,1,1,1
S16,2280,1,89.74916998838039,98.16843611112658,96.48458288657736,1,1,1
S16,2310,1,96.13825703252895,98.16843611112658,97.76240029540708,1,1,1
S16,2340,1,99.16692990520922,98.16843611112658,98.36813486994312,1,1,1
S16,2370,1,97.26740544973835,98.16843611112658,97.98822997884895,1,1,1
S16,2400,1,96.96003040603954,98.16843611112658,97.92675497010919,1,1,1
S16,2430,1,96.03422086884366,98.16843611112658,97.74159306267,1,1,1
S16,2460,1,92.973151299454,98.16843611112658,97.12937914879208,1,1,1
S16,2490,1,91.7358394280514,98.16843611112658,96.88191677451155,1,1,1
S16,2520,1,90.31182280118031,98.16843611112658,96.59711344913734,1,1,1
S16,2550,1,92.563554017707,98.16843611112658,97.04745969244269,1,1,1
S16,2580,1,82.01051667702102,98.16843611112658,94.93685222430548,1,1,1
S16,2610,1,56.793793167241915,98.16843611112658,89.89350752234967,1,1,1
S16,2640,1,38.45064435015982,98.16843611112658,86.22487775893325,1,1,1
S17,60,0,11.327638617821385,68.45046277799023,57.02589794595646,0,1,1
S17,90,0,3.4251751869093203,61.183819114637615,49.63209032909196,0,0,0
S17,120,0,1.040638718206589,54.10255210326695,43.49016942625489,0,0,0
S17,150,0,3.2842098208119848,54.90341915338581,44.57957728687105,0,0,0
S17,180,0,3.7263601166607785,44.94544047676477,36.701624404743974,0,0,0
S17,210,0,14.05013524896272,30.52676859265763,27.23144192391865,0,0,0
S17,240,0,9.821313306668685,25.751031350316843,22.565087741587213,0,0,0
S17,270,0,19.7678191173802,23.401964470834958,22.675135400144008,0,0,0
S17,300,0,11.091426044137645,21.72368318729375,19.59723175866253,0,0,0
S17,330,0,15.170122358470056,19.560009263340593,18.682031882366488,0,0,0
S17,360,0,10.055005630050118,21.104759934470827,18.894809073586686,0,0,0
S17,390,0,26.97458124845329,22.81612437539594,23.647815750007414,0,0,0
S17,420,0,43.06347697782814,26.754545627037995,30.016331897196025,1,0,0
S17,450,0,50.0,20.185001156030356,26.148000924824284,1,0,0
S17,480,0,55.341051707502466,20.166499190858833,27.20140969418756,1,0,0
S17,510,0,15.489191478323129,24.131963373771192,22.40340899468158,0,0,0
S17,540,0,9.54772448705999,20.510733733407005,18.318131884137603,0,0,0
S17,570,0,72.00772680059112,19.582495573142623,30.06754181863232,1,0,0
S17,600,0,30.16253375833257,22.591408752764096,24.10563375387779,1,0,0
S17,630,0,10.230135761378165,25.840434312420335,22.718374602211902,0,0,0
S17,660,0,10.653689019736042,24.278355180766976,21.553421948560793,0,0,0
S17,690,0,8.972967814474934,26.977076732880036,23.37625494919902,0,0,0
S17,720,0,6.975859746512893,26.117802879619877,22.289414252998483,0,0,0
S17,750,0,2.6966522119119833,20.13482241300234,16.64718837278427,0,0,0
S17,780,0,10.397029218091665,40.35247459080822,34.36138551626491,0,0,0
S17,810,0,14.76506275358659,36.9782937480643,32.53564754916876,0,0,0
S17,840,0,2.4584529784707976,31.69625957017853,25.848698251836986,0,0,0
S17,870,0,2.2962262165858305,20.639242092987043,16.9706389177068,0,0,0
S17,900,0,12.869015811194757,38.34767397247953,33.25194234022258,0,0,0
S17,930,0,8.95393264773129,42.99753268698615,36.18881267913518,0,0,0
S17,960,0,17.183399518707724,40.8210288366177,36.093502973035704,0,0,0
S17,990,0,21.276909225358796,33.78007572841434,31.279442427803232,0,0,0
S17,1020,0,43.06347697782478,33.78007572841434,35.63675597829643,1,0,0
S17,1050,0,79.01766661503325,41.90722606889676,49.329314178124065,1,0,0
S17,1080,0,37.514858363122684,42.787970514279024,41.73334808404776,1,0,0
S17,1110,0,3.801484082402895,38.25953241149159,31.367922745673855,0,0,0
S17,1140,0,77.76750880364402,61.930804580357936,65.09814542501516,1,0,1
S17,1170,0,69.20812238848467,72.70677828926969,72.00704710911269,1,1,1
S17,1200,0,1.0033541693619061,57.35645671591117,46.08583620660132,0,0,0
S17,1230,0,46.47258559834124,67.8006213772743,63.53501422148769,1,1,1
S17,1260,0,64.74799395301928,74.53060806123403,72.57408523959108,1,1,1
S17,3480,1,89.57583353404047,96.34370089023156,94.99012741899335,1,1,1
S17,3510,1,94.14916845980233,83.25411440937526,85.43312521946069,1,1,1
S17,3540,1,96.37437646880407,81.25488511263829,84.27878338387146,1,1,1
S17,3570,1,88.77368098601103,90.12310487797023,89.8532200995784,1,1,1
S17,3600,1,78.86229655057932,86.63385258963771,85.07954138182603,1,1,1
S17,3630,1,83.92795479420091,92.4620317917118,90.75521639220963,1,1,1
S17,3660,1,98.8038440864825,94.9069189475952,95.68630397537265,1,1,1
S17,3690,1,97.02053445037964,94.16430121398894,94.7355478612671,1,1,1
S17,3720,1,90.32118397049153,93.0053931034985,92.46855127689712,1,1,1
S17,3750,1,95.49452398231828,90.80486620941488,91.74279776399557,1,1,1
S17,3780,1,89.70953037428049,89.78218904524104,89.76765731104894,1,1,1
S17,3810,1,97.26203182778397,90.94917292815686,92.21174470808228,1,1,1
S17,3840,1,56.5859855779574,87.53114569232352,81.3421136694503,1,1,1
S17,3870,1,33.47649581147959,90.75902994447851,79.30252311787874,1,1,1
S17,3900,1,47.32831563913666,94.65719334496484,85.1914178037992,1,1,1
S17,3930,1,67.5186859909486,94.94822665435967,89.46231852167746,1,1,1
S17,3960,1,60.02883920440413,94.17796754323055,87.34814187546526,1,1,1
S17,3990,1,11.089898621686025,88.80369521601602,73.26093589715003,0,1,1
S17,4020,1,17.347808220513304,88.5560646283798,74.3144133468065,0,1,1
S17,4050,1,11.878599113134369,96.11727600426944,79.26954062604244,0,1,1
S17,4080,1,10.784973205345274,97.70358651340386,80.31986385179215,0,1,1
S17,4110,1,10.277401041975637,96.39080352531562,79.16812302864763,0,1,1
S17,4140,1,3.0896776955004275,96.56183019684596,77.86739969657687,0,1,1
S17,4170,1,4.2385420324069045,93.43357073051457,75.59456499089305,0,1,1
S17,4200,1,70.16732406152595,89.17714497473396,85.37518079209235,1,1,1
S17,4230,1,86.9175869873833,80.18521214339398,81.53168711219186,1,1,1
S2,270,0,0.6279637916448352,98.16843611112658,59.15224718333388,0,1,1
S2,300,0,0.3947697388539395,98.16843611112658,59.05896956221752,0,1,1
S2,330,0,0.027158622403935965,98.06515604116903,58.84995707366299,0,1,1
S2,360,0,0.0003080410978863998,95.67471501790452,57.404952227181866,0,1,1
S2,390,0,0.001122378856037422,87.14616498547832,52.28814794282941,0,1,0
S2,420,0,0.036287916127395674,81.58016504973833,48.96261419629395,0,1,0
S2,450,0,0.06986809245563144,56.88619707944312,34.15966548464812,0,0,0
S2,480,0,0.11934995401935768,61.695700060476696,37.06516001789376,0,0,0
S2,510,0,0.0025724346841932057,59.262539763178815,35.558552831780965,0,0,0
S2,540,0,0.0017970451688998049,59.940040866977164,35.96474333825386,0,0,0
S2,570,0,0.004019540277900632,41.78025112100535,25.06975848871437,0,0,0
S2,600,0,0.0038208450222620882,39.76140186958178,23.85836945975797,0,0,0
S2,630,0,0.0016887798652234843,42.943046030170194,25.766503130048203,0,0,0
S2,660,0,0.006043575156187847,39.38261017408637,23.631983534514298,0,0,0
S2,690,0,0.0401944011404796,34.74032808469622,20.860274611273926,0,0,0
S2,720,0,5.298424050297468,18.042758013262873,12.945024428076712,0,0,0
S2,750,0,0.00390742117414662,20.230923405845026,12.140117011976674,0,0,0
S2,780,0,0.0012091084932828048,22.817280904060013,13.69085218583332,0,0,0
S2,810,0,1.0004403286657855,22.584548583305843,13.950905281449819,0,0,0
S2,840,0,1.8758628016327876,23.332689863238564,14.749959038596254,0,0,0
S2,870,0,0.0016550398939035756,25.044576721885527,15.027408049088876,0,0,0
S2,900,0,0.0014540802433399198,20.13482241300234,12.08147507989874,0,0,0
S2,930,0,0.0016656207217882165,20.095941114180015,12.058230916796724,0,0,0
S2,960,0,0.030410149662809256,28.555232830377662,17.14530375809172,0,0,0
S2,990,0,0.006369698103265143,26.10002978588073,15.662565750769742,0,0,0
S2,1020,0,0.005986749947759475,23.561776814799764,14.13946078885896,0,0,0
S2,1050,0,0.10682734220968193,35.79107688499783,21.51737706788257,0,0,0
S2,1080,0,0.03830162934860656,37.294293067277565,22.39189649210598,0,0,0
S2,1110,0,0.031257430750824745,27.273361970430955,16.3765201545589,0,0,0
S2,1140,0,0.015582027604621742,28.87981793075246,17.334123569493322,0,0,0
S2,1170,0,0.01194840340536396,24.027027324295368,14.420995755939364,0,0,0
S2,1200,0,0.06810216233969255,26.39483326574187,15.864140824380998,0,0,0
S2,1230,0,0.04578701807255478,30.820022587481034,18.51032835971764,0,0,0
S2,1260,0,0.0015750758142453348,30.820928479932086,18.49318711828495,0,0,0
S2,1290,0,0.03971634239035967,32.10499092791643,19.278881093706005,0,0,0
S2,1320,0,0.7095470609234015,27.88079784904656,17.012297533797298,0,0,0
S2,1350,0,0.23132638562334296,34.75833757600822,20.94753309985427,0,0,0
S2,1380,0,0.044277804386759344,44.49896520353318,26.717090243874612,0,0,0
S2,1410,0,1.1913599511996662,93.91136125251255,56.82336073198739,0,1,0
S2,1440,0,3.7546423171987864,92.7913994801448,57.176696614966396,0,1,1
S2,2220,1,95.44998916811832,92.40382733401911,93.6222920676588,1,1,1
S2,2250,1,93.20586460320213,92.41866801839495,92.73354665231781,1,1,1
S2,2280,1,23.53984111615204,91.72072985436262,64.44837435907839,0,1,1
S2,2310,1,14.559751343418226,88.94656678802424,59.19184061018183,0,1,1
S2,2340,1,78.35771086887965,90.34066499058544,85.54748334190312,1,1,1
S2,2370,1,62.152635029780804,89.19142357052152,78.37590815422524,1,1,1
S2,2400,1,69.5967298399148,88.70408401645749,81.06114234584041,1,1,1
S2,2430,1,90.87034243366182,90.92810474390586,90.90499981980824,1,1,1
S2,2460,1,90.73140023206953,90.50304807365012,90.59438893701788,1,1,1
S2,2490,1,89.45678753022625,90.34066499058507,89.98711400644154,1,1,1
S2,2520,1,90.52422444494758,90.61338432236063,90.5777203713954,1,1,1
S2,2550,1,29.119125203860513,91.36771123997099,66.4682768255268,0,1,1
S2,2580,1,87.89213733752975,90.5069209511248,89.46100750568678,1,1,1
S2,2610,1,75.76271814093161,90.81130271955844,84.7918688881077,1,1,1
S2,2640,1,84.04453389552775,90.34066499058544,87.82221255256236,1,1,1
S2,2670,1,59.508198644117805,94.493940718604,80.49964388880952,1,1,1
S2,2700,1,60.20544706602132,93.8388447537847,80.38548567867934,1,1,1
S2,2730,1,91.39250952855453,94.49394071860422,93.25336824258434,1,1,1
S2,2760,1,93.57839038441705,93.10580725198011,93.29484050495489,1,1,1
S2,2790,1,87.2480651667643,91.83952713547812,90.00294234799259,1,1,1
S2,2820,1,91.32786890535844,90.34066499058507,90.73554655649443,1,1,1
S2,2850,1,98.46260252325098,90.44589898449131,93.65258039999517,1,1,1
S2,2880,1,98.87700018557328,93.21755469769552,95.48133289284662,1,1,1
S3,300,0,98.75509671988848,86.138521070228,88.6618362001601,1,1,1
S3,330,0,96.16053701482018,84.63905883446775,86.94335447053824,1,1,1
S3,360,0,84.958442928193,80.28240543584022,81.21761293431078,1,1,1
S3,390,0,82.96987059987775,77.1968610358065,78.35146294862076,1,1,1
S3,420,0,94.90992207277726,66.8056477106991,72.42650258311474,1,1,1
S3,450,0,69.38215796779686,66.18913691668557,66.82774112690782,1,1,1
S3,480,0,63.18185113325857,60.70708320386051,61.20203678974013,1,0,0
S3,510,0,85.11387727573387,52.37124266233142,58.919769585011906,1,0,0
S3,540,0,43.65281095134258,45.00570387550271,44.73512529067069,1,0,0
S3,570,0,13.88266385429441,32.693132885266984,28.93103907907247,0,0,0
S3,600,0,13.359756825574404,33.060326329207676,29.120212428481025,0,0,0
S3,630,0,13.748283269136522,27.54394225652179,24.78481045904474,0,0,0
S3,660,0,1.4478274354468463,26.399935552252106,21.409513928891055,0,0,0
S3,690,0,52.84401862071918,27.993252489992525,32.963405716137856,1,0,0
S3,720,0,34.70000439894864,23.090966262928582,25.412773890132595,0,0,0
S3,750,0,4.204329120373422,38.642565061444245,31.75491787323008,0,0,0
S3,780,0,2.615260803346292,65.45913601167655,52.8903609700105,0,0,0
S3,810,0,71.52113548579422,61.848456036179456,63.78299192610241,1,0,0
S3,840,0,21.922864128122832,55.451538895987206,48.745803942414334,0,0,0
S3,870,0,17.683484917539673,34.73218203349543,31.322442610304275,0,0,0
S3,900,0,6.724758026446663,52.485179117101936,43.333094898970884,0,0,0
S3,930,0,0.2373299431162857,48.73384833082221,39.03454465328103,0,0,0
S3,960,0,1.6557152233624313,26.63365955574044,21.63807068926484,0,0,0
S3,990,0,95.5785021464887,34.578550354865015,46.778540713189756,1,0,0
S3,1020,0,54.623860161516625,32.81278922414934,37.1750034116228,1,0,0
S3,1050,0,4.8292711486581545,23.26731752870549,19.579708252696022,0,0,0
S3,1080,0,2.0048031432619884,30.539153713337253,24.832283599322203,0,0,0
S3,1110,0,0.16505736436355808,26.157283937254093,20.958838622675987,0,0,0
S3,1140,0,23.203986163168715,32.126817685710115,30.342251381201837,0,0,0
S3,1170,0,0.13004669728501603,38.5485344790164,30.86483692267013,0,0,0
S3,1200,0,0.14807010721493474,30.715553663379147,24.602056952146306,0,0,0
S3,1230,0,34.167155863123035,25.616260319778327,27.32643942844727,0,0,0
S3,1260,0,33.22928068909609,23.397733906782026,25.36404326324484,0,0,0
S3,1290,0,51.69297204101541,25.42319263143379,30.677148513350115,1,0,0
S3,1320,0,45.34322605141043,36.18078461412472,38.013272901581864,1,0,0
S3,1350,0,61.29285061569277,35.74536327237161,40.85486074103585,1,0,0
S3,1380,0,0.4066615752494639,21.24597473109009,17.078112099921963,0,0,0
S3,1410,0,4.087288726435655,23.13586212353257,19.32614744411319,0,0,0
S3,1440,0,40.75927787714756,24.163360189707973,27.482543727195896,1,0,0
S3,1470,0,47.876743967890064,32.05726309729895,35.22115927141718,1,0,0
S3,2190,1,78.33774886357848,34.57833435050255,43.33021725311774,1,0,0
S3,2220,1,95.31586804039705,35.93919700995316,47.81453121604194,1,0,0
S3,2250,1,92.97712990389724,35.26488120831126,46.807330947428454,1,0,0
S3,2280,1,98.76136243607257,33.45384906698986,46.51535174080641,1,0,0
S3,2310,1,76.12391787066677,39.2149770746555,46.59676523385775,1,0,0
S3,2340,1,73.69458827670098,44.63001413315833,50.44292896186686,1,0,0
S3,2370,1,98.63081778159386,55.77513870422902,64.34627451970199,1,0,0
S3,2400,1,98.24922682747172,62.514984162661236,69.66183269562333,1,0,1
S3,2430,1,99.99904291410327,66.03811478258312,72.83030040888715,1,1,1
S3,2460,1,99.19215328872116,67.51203101893782,73.84805547289449,1,1,1
S3,2490,1,97.87689551681457,69.82307522590973,75.43383928409071,1,1,1
S3,2520,1,96.32687810774159,69.2824329998574,74.69132202143425,1,1,1
S3,2550,1,84.65204144596603,66.87001146140871,70.42641745832017,1,1,1
S3,2580,1,96.96527352790436,59.53887734972106,67.02415658535773,1,0,1
S3,2610,1,98.50284045867787,53.85974605512681,62.78836493583703,1,0,0
S3,2640,1,98.78053276200856,43.443801754948595,54.51114795636059,1,0,0
S3,2670,1,98.83392230225574,48.52541274475134,58.587114656252226,1,0,0
S3,2700,1,98.0957995932455,48.52541274475134,58.43949011445018,1,0,0
S3,2730,1,95.44083207517862,44.495500497681405,54.68456681318085,1,0,0
S3,2760,1,90.96269053265907,47.642843051787565,56.30681254796187,1,0,0
S3,2790,1,91.21488595446161,47.52693855842129,56.26452803762936,1,0,0
S3,2820,1,92.25873834775459,51.579134912370286,59.71505559944715,1,0,0
S3,2850,1,98.17967698712657,46.740994868357596,57.028731292111395,1,0,0
S3,2880,1,75.34725209250277,48.88424295545229,54.17684478286239,1,0,0
S4,240,0,65.64837153367151,92.4645219449751,84.41967682158402,1,1,1
S4,270,0,1.8154701239124178,95.94330892071909,67.70495728167708,0,1,1
S4,300,0,0.22982075599788884,86.59912028708317,60.688330427757585,0,1,1
S4,330,0,0.004080785963338661,71.4901445767244,50.044325439496085,0,1,0
S4,360,0,0.041167067886429716,65.287168567922,45.71336811791132,0,0,0
S4,390,0,0.04804151989304616,62.01472348916991,43.42471889838685,0,0,0
S4,420,0,0.015888611036515128,53.08733175887694,37.16589881452481,0,0,0
S4,450,0,0.009267652396121097,46.145225636362156,32.30443824117234,0,0,0
S4,480,0,0.020513349678673052,42.470574232057025,29.73555596734352,0,0,0
S4,510,0,0.0217789544897063,39.229392801828446,27.467108647626823,0,0,0
S4,540,0,0.02669433370962596,34.97486179298335,24.49041155520123,0,0,0
S4,570,0,0.06600587228038429,27.54711187664277,19.302780075334052,0,0,0
S4,600,0,0.056685694130287095,24.80253324721987,17.378778981292992,0,0,0
S4,630,0,0.3331517065846608,51.7374037138008,36.316128111635955,0,0,0
S4,660,0,0.03169617149694069,50.38444160339943,35.27861797382868,0,0,0
S4,690,0,0.05514015157948382,21.915307752953805,15.357257472541507,0,0,0
S4,720,0,0.037180994205683646,18.462734617979713,12.935068530847502,0,0,0
S4,750,0,0.09866691507216228,16.813515642003686,11.799061023924228,0,0,0
S4,780,0,0.0635396144058496,17.622417979612514,12.354754470050514,0,0,0
S4,810,0,0.016595340200162328,33.067303071659126,23.152090752221437,0,0,0
S4,840,0,0.048421489586199205,34.99363422134789,24.51007040181938,0,0,0
S4,870,0,0.07528932881562451,40.767772215028685,28.560027349164766,0,0,0
S4,900,0,0.047653928085014514,18.813619271560576,13.183829668517905,0,0,0
S4,930,0,0.032236627818574747,18.892964837247018,13.234746374418483,0,0,0
S4,960,0,0.03055654197442254,18.31916121405198,12.832579812428712,0,0,0
S4,990,0,0.026722646513300922,22.412211096954383,15.696564561822058,0,0,0
S4,1020,0,0.02836015225824411,23.49438655874273,16.454578636797383,0,0,0
S4,1050,0,0.01899944252002492,25.07355456942214,17.557188031351505,0,0,0
S4,1080,0,0.0197562653459528,20.13482241300234,14.100302568705423,0,0,0
S4,1110,0,0.17203903624335767,21.45155376465029,15.067699346128208,0,0,0
S4,1140,0,0.14182345232600463,29.94527718195211,21.004241063064278,0,0,0
S4,1170,0,0.20732112659295304,85.37260855056493,59.82302232337334,0,1,1
S4,1200,0,5.738986805265836,93.09126627750392,66.88558243583249,0,1,1
S4,1230,0,0.7964834941208636,85.89208667831589,60.36340572305738,0,1,1
S4,1260,0,0.09224917172512939,64.15661217291688,44.93730327255935,0,0,0
S4,1290,0,0.06318800961665445,29.228443662059846,20.478866966326887,0,0,0
S4,1320,0,0.032352630029177674,26.56194684534595,18.603068580750914,0,0,0
S4,1350,0,0.04522925713790375,21.659182123386913,15.17499626351221,0,0,0
S4,1380,0,0.011331519119810216,21.043990068226613,14.73419250349457,0,0,0
S4,1410,0,0.19371227324135315,93.7046686016503,65.65138170312761,0,1,1
S4,1440,0,14.541394491256016,88.59854144980031,66.38139736223702,0,1,1
S4,3570,1,90.7809841189512,98.16843611112658,95.95220051347397,1,1,1
S4,3600,1,88.54010357565983,98.16843611112658,95.27993635048655,1,1,1
S4,3630,1,93.23996533817403,98.16843611112658,96.68989487924082,1,1,1
S4,3660,1,97.05145634140561,98.16843611112658,97.8333421802103,1,1,1
S4,3690,1,98.49680949988002,98.16843611112658,98.26694812775261,1,1,1
S4,3720,1,99.74425410109406,98.16843611112658,98.64118150811683,1,1,1
S4,3750,1,99.64224736514599,98.16843611112658,98.6105794873324,1,1,1
S4,3780,1,99.41817940825793,98.16843611112658,98.54335910026599,1,1,1
S4,3810,1,97.62800480032577,98.16843611112658,98.00630671788633,1,1,1
S4,3840,1,94.22540221684848,98.16843611112658,96.98552594284315,1,1,1
S4,3870,1,98.62031991522159,98.16843611112658,98.30400125235508,1,1,1
S4,3900,1,97.99467256894737,98.16843611112658,98.11630704847282,1,1,1
S4,3930,1,94.96412381147043,98.16843611112658,97.20714242122973,1,1,1
S4,3960,1,99.55850665493728,98.16843611112658,98.58545727426979,1,1,1
S4,3990,1,99.99968487822501,98.16843611112658,98.7178107412561,1,1,1
S4,4020,1,99.99998020715839,98.16843611112658,98.71789933993612,1,1,1
S4,4050,1,76.80412925800407,98.16843611112658,91.75914405518982,1,1,1
S4,4080,1,81.49398414983288,98.16843611112658,93.16610052273847,1,1,1
S4,4110,1,99.99996895943272,98.16843611112658,98.71789596561842,1,1,1
S4,4140,1,99.99948531730126,98.16843611112658,98.71775087297898,1,1,1
S4,4170,1,95.9832450211056,98.16843611112658,97.51287878412029,1,1,1
S4,4200,1,64.56848083249052,98.16843611112658,88.08844952753576,1,1,1
S4,4230,1,64.61567553385817,98.16843611112658,88.10260793794606,1,1,1
S5,240,0,30.453214335251772,91.9404535745714,79.64300572670747,0,1,1
S5,270,0,30.50313695767836,93.84232964001016,81.1744911035438,0,1,1
S5,300,0,30.99341110018063,93.50146442924789,80.99985376343443,0,1,1
S5,330,0,53.955117109443286,85.07591731823291,78.85175727647498,1,1,1
S5,360,0,15.908541932616128,62.64993881576866,53.301659439138156,0,0,0
S5,390,0,7.508098936043741,58.531849295874,48.32709922390794,0,0,0
S5,420,0,2.1722987412747043,49.83267782217542,40.30060200599527,0,0,0
S5,450,0,0.31980407888801776,51.41273811954614,41.19415131141452,0,0,0
S5,480,0,2.4474156015828754,48.814895955022074,39.54139988433424,0,0,0
S5,510,0,2.104370802159037,42.08146832600451,34.086048821235416,0,0,0
S5,540,0,57.76884359504749,42.26871489642077,45.368740636146114,1,0,0
S5,570,0,33.8645764714167,42.215496797897565,40.54531273260139,0,0,0
S5,600,0,9.736625103154632,36.64683230751131,31.264790866639977,0,0,0
S5,630,0,16.582895843046884,22.277480670608163,21.13856370509591,0,0,0
S5,660,0,0.985823337239943,30.64406105151911,24.71241350866328,0,0,0
S5,690,0,3.4349141066783067,26.692973300222466,22.041361461513635,0,0,0
S5,720,0,0.5620212626183083,26.66246189024859,21.442373764722532,0,0,0
S5,750,0,0.014867551899709263,36.54188525132363,29.236481711438845,0,0,0
S5,780,0,0.016349463250711897,35.86353490135789,28.69409781373645,0,0,0
S5,810,0,11.269486535200837,29.616563396433225,25.94714802418675,0,0,0
S5,840,0,1.261730952163835,34.722551477056804,28.030387372078213,0,0,0
S5,870,0,0.0029717580843271786,32.80253269417997,26.242620506960844,0,0,0
S5,900,0,0.04152470671746259,19.648482806906976,15.727091186869075,0,0,0
S5,930,0,0.774055927072901,18.464794355490376,14.926646669806882,0,0,0
S5,960,0,15.380310884210424,18.26154422489544,17.68529755675844,0,0,0
S5,990,0,1.8263534581346976,23.823596564659432,19.424147943354487,0,0,0
S5,1020,0,1.3612351198256256,24.89353794315695,20.187077378490688,0,0,0
S5,1050,0,6.064688018076839,24.704669494007014,20.976673198820983,0,0,0
S5,1080,0,7.765049010177015,18.9777739585548,16.735228968879245,0,0,0
S5,1110,0,65.50053924638782,23.557300853085096,31.94594853174564,1,0,0
S5,1140,0,52.68419053068267,34.66464292490333,38.2685524460592,1,0,0
S5,1170,0,2.3605864125314264,57.22265178630066,46.250238711546814,0,0,0
S5,1200,0,3.1400111855243904,65.42025277531593,52.964204457357624,0,0,0
S5,1230,0,6.874005043806215,42.714435077883714,35.54634907106822,0,0,0
S5,1260,0,38.34049418261021,27.06142565416544,29.317239359854394,1,0,0
S5,1290,0,54.71051141310473,26.21491437482282,31.914033782479205,1,0,0
S5,1320,0,44.94848237878206,17.188134884795815,22.740204383593067,1,0,0
S5,1350,0,8.028535160732588,13.994105672230962,12.800991569931288,0,0,0
S5,1380,0,31.057017891619758,24.146977232274736,25.528985364143743,0,0,0
S5,1410,0,19.935993214049535,21.228935688276273,20.97034719343093,0,0,0
S5,1440,0,5.42602257230675,65.42236617535913,53.42309745474866,0,0,0
S5,1470,0,1.6696007085025968,74.51183944152508,59.943391694920585,0,1,1
S5,3570,1,26.776305615894437,95.26918151207498,81.57060633283888,0,1,1
S5,3600,1,31.684377845216023,95.23195833007122,82.52244223310018,0,1,1
S5,3630,1,84.15057572927196,95.58891926132168,93.30125055491173,1,1,1
S5,3660,1,62.6548659776826,93.14995365474195,87.05093611933007,1,1,1
S5,3690,1,86.21879033546615,97.12247269282611,94.94173622135412,1,1,1
S5,3720,1,91.85651167909693,96.59066526053202,95.64383454424501,1,1,1
S5,3750,1,78.41248157349253,97.70381064711252,93.84554483238853,1,1,1
S5,3780,1,77.29798602801196,98.16843611112658,93.99434609450367,1,1,1
S5,3810,1,99.43152467230932,93.96435392120769,95.05778807142802,1,1,1
S5,3840,1,99.66234828551372,94.47612239428426,95.51336757253016,1,1,1
S5,3870,1,91.95258028008794,94.07127523995561,93.64753624798207,1,1,1
S5,3900,1,84.99153631428709,94.29593710842947,92.435056949601,1,1,1
S5,3930,1,91.86683480919817,94.88603216829476,94.28219269647545,1,1,1
S5,3960,1,76.91925621417019,96.40813995917017,92.51036321017018,1,1,1
S5,3990,1,74.8938444813536,97.54583987858389,93.01544079913783,1,1,1
S5,4020,1,81.16639578343346,97.92030451449416,94.56952276828203,1,1,1
S5,4050,1,97.64420590764429,98.16843611112658,98.06359007043014,1,1,1
S5,4080,1,32.95952408726102,97.50941087527444,84.59943351767176,0,1,1
S5,4110,1,27.731814357267776,97.75268166644818,83.74850820461211,0,1,1
S5,4140,1,53.054079002883334,97.75268166644818,88.81296113373523,1,1,1
S5,4170,1,40.107010344362855,94.3687400843166,83.51639413632586,1,1,1
S5,4200,1,40.41491210596598,94.3687400843166,83.57797448864648,1,1,1
S5,4230,1,31.869573192347517,98.16843611112658,84.90866352737078,0,1,1
S6,600,0,2.933910922015436,86.76143926284739,69.995933594681,0,1,1
S6,630,0,3.6114025521645527,88.79044340335993,71.75463523312085,0,1,1
S6,660,0,0.8311517602515578,82.16743507114707,65.90017840896796,0,1,1
S6,690,0,50.0,81.99557337163364,75.59645869730691,1,1,1
S6,720,0,2.438503650723177,75.81093232526945,61.1364465903602,0,1,1
S6,750,0,0.8047771351081099,70.29396578045568,56.396128051386164,0,1,1
S6,780,0,6.568216907287555,62.23784973413551,51.10392316876592,0,0,0
S6,810,0,14.429149578559198,59.068749897927475,50.14082983405382,0,0,0
S6,840,0,5.990757589345033,54.91019492264726,45.12630745598682,0,0,0
S6,870,0,2.5087373791417535,55.22884347670944,44.68482225719591,0,0,0
S6,900,0,4.967480024602324,55.85329543803334,45.67613235534714,0,0,0
S6,930,0,1.9000668822326372,55.55537760106074,44.82431545729512,0,0,0
S6,960,0,1.4052512556998698,49.90780546858341,40.20729462600671,0,0,0
S6,990,0,0.24938939680970787,44.93549680755468,35.998275325405686,0,0,0
S6,1020,0,1.1799800519176917,34.36643424434735,27.72914340586142,0,0,0
S6,1050,0,0.07625797698459326,31.493150704931438,25.20977215934207,0,0,0
S6,1080,0,0.04805649589209782,27.72954682413569,22.193248758486973,0,0,0
S6,1110,0,0.023311358432864165,24.64485197384415,19.720543850761896,0,0,0
S6,1140,0,0.45184175131902676,21.533128318404405,17.31687100498733,0,0,0
S6,1170,0,0.015307224347056017,26.87238338929292,21.50096815630375,0,0,0
S6,1200,0,0.009124873799332507,18.70054443816407,14.962260525291123,0,0,0
S6,1230,0,0.0440432174584755,16.48230568798662,13.194653193880994,0,0,0
S6,1260,0,0.013006281935039348,20.616542688157978,16.49583540691339,0,0,0
S6,1290,0,0.3265896902035398,43.28982030284417,34.69717418031605,0,0,0
S6,1320,0,1.4821910182017215,43.157506278010146,34.82244322604846,0,0,0
S6,1350,0,0.4689649799874419,50.40300627302561,40.41619801441798,0,0,0
S6,1380,0,0.06036760438742853,47.660368067342695,38.14036797475164,0,0,0
S6,1410,0,1.80754802829152,34.4113833191345,27.890616260965906,0,0,0
S6,1440,0,0.1411208850570803,25.41062000401315,20.356720180221938,0,0,0
S6,1470,0,0.18777833134657765,20.13482241300234,16.14541359667119,0,0,0
S6,1500,0,0.020156837485142076,19.131004775896187,15.308835188213978,0,0,0
S6,1530,0,0.05790737360336227,28.245617537391798,22.60807550463411,0,0,0
S6,1560,0,0.0026407587259837805,20.10597345536036,16.085306916033485,0,0,0
S6,1590,0,0.011069769920266972,23.349239934071274,18.681605901241074,0,0,0
S6,1620,0,0.14454387540523264,21.868445840333738,17.523665447348037,0,0,0
S6,1650,0,0.241499646067498,21.44124877678104,17.201298950638332,0,0,0
S6,1680,0,0.1064584924124979,21.971499348588885,17.59849117735361,0,0,0
S6,1710,0,0.0980010485369643,22.548136561686004,18.058109459056194,0,0,0
S6,1740,0,0.02477761338936523,35.256201675944546,28.20991686343351,0,0,0
S6,1770,0,0.051374175339790426,40.96498296482757,32.782261206930016,0,0,0
S6,1800,0,0.10835378624425354,43.97519385961177,35.20182584493827,0,0,0
S6,2400,1,23.60067506698253,98.16843611112658,83.25488390229778,0,1,1
S6,2430,1,41.08447818828351,98.16843611112658,86.75164452655798,1,1,1
S6,2460,1,8.131465552564412,98.16843611112658,80.16104199941415,0,1,1
S6,2490,1,37.88282249558757,98.16843611112658,86.11131338801879,1,1,1
S6,2520,1,19.137837456217728,98.16843611112658,82.36231638014482,0,1,1
S6,2550,1,41.91681191719984,98.16843611112658,86.91811127234125,1,1,1
S6,2580,1,63.959770178270105,97.26461706860192,90.60364769053555,1,1,1
S6,2610,1,82.08465997479578,97.05624347293154,94.06192677330439,1,1,1
S6,2640,1,96.38601969506985,98.16843611112658,97.81195282791525,1,1,1
S6,2670,1,88.81534253732652,97.55001798537157,95.80308289576257,1,1,1
S6,2700,1,83.24607781781344,98.16843611112658,95.18396445246397,1,1,1
S6,2730,1,59.07345322997204,98.16843611112658,90.34943953489568,1,1,1
S6,2760,1,55.27717218309933,92.4202378938073,84.9916247516657,1,1,1
S6,2790,1,70.27390637196123,96.35245513521012,91.13674538256035,1,1,1
S6,2820,1,75.36937763053514,93.70970249200616,90.04163751971195,1,1,1
S6,2850,1,96.00180902452081,98.04745492403538,97.63832574413247,1,1,1
S6,2880,1,26.330987512362565,98.16843611112658,83.80094639137378,0,1,1
S6,2910,1,23.318982844194025,96.85429705305857,82.14723421128566,0,1,1
S6,2940,1,92.13132284903874,97.25852578566239,96.23308519833768,1,1,1
S6,2970,1,93.65575937441454,98.07891450683012,97.19428348034701,1,1,1
S6,3000,1,92.61490206602916,97.84401944891795,96.7981959723402,1,1,1
S6,3030,1,93.50942956278061,96.52543839210864,95.92223662624303,1,1,1
S6,3060,1,81.08205685807944,98.16843611112658,94.75116026051717,1,1,1
S6,3090,1,56.163952184691226,98.16843611112658,89.76753932583952,1,1,1
S7,60,0,96.58120561565389,68.068845750266,76.62255370988237,1,1,1
S7,90,0,98.59346148352607,53.845120696190854,67.26962293239141,1,0,1
S7,120,0,99.0010054874964,51.11437538046967,65.48036441257769,1,0,1
S7,150,0,97.59203537400663,51.38948865027869,65.25025266739708,1,0,1
S7,180,0,86.04565631015842,45.52774945713741,57.683121513043716,1,0,0
S7,210,0,11.461551673934013,47.18421809959411,36.467418171896085,0,0,0
S7,240,0,4.244797901711249,44.27667935515177,32.267114919119614,0,0,0
S7,270,0,41.689645023175274,29.972084819549714,33.48735288063738,1,0,0
S7,300,0,82.44938570349142,25.768165151611043,42.77253131717516,1,0,0
S7,330,0,95.76506543457273,27.37404350856537,47.89135008636758,1,0,0
S7,360,0,89.31996056847625,20.13482241300234,40.890363859644516,1,0,0
S7,390,0,40.1212513338386,15.664644216005597,23.001626351355497,1,0,0
S7,420,0,1.847160769698377,18.846020051447187,13.746362266922544,0,0,0
S7,450,0,5.912949579939293,25.262364910629632,19.45754031142253,0,0,0
S7,480,0,12.76333772641177,30.1290933023023,24.91936662953514,0,0,0
S7,510,0,2.105439618926339,23.300508195829618,16.94198762275863,0,0,0
S7,540,0,31.399566466109103,19.737037417925386,23.2357961323805,0,0,0
S7,570,0,13.140991238006153,54.01759683931762,41.75461515892418,0,0,0
S7,600,0,3.7553496304953256,51.66154826788018,37.28968867666472,0,0,0
S7,630,0,5.472542600116313,25.901409160560373,19.772749192427156,0,0,0
S7,660,0,82.34634624608546,20.13482241300234,38.79827956292728,1,0,0
S7,690,0,97.64901218723384,26.383860764903133,47.76340619160235,1,0,0
S7,720,0,35.08421773436939,20.95501442230828,25.193775415926616,0,0,0
S7,750,0,10.089325123989273,25.752123893103786,21.05328426236943,0,0,0
S7,780,0,34.85466711586094,24.939617403450843,27.914132317173873,0,0,0
S7,810,0,5.087867454305654,26.596987394117377,20.144251412173862,0,0,0
S7,840,0,14.205866417973384,46.30115261800164,36.67256675799316,0,0,0
S7,870,0,80.36671037748692,26.563121716390302,42.70419831471929,1,0,0
S7,900,0,75.9761054525194,23.079073150463202,38.94818284108007,1,0,0
S7,930,0,54.939709754462584,22.51040983680379,32.23919981210143,1,0,0
S7,960,0,75.62448551525517,22.428888816559635,38.3875678261683,1,0,0
S7,990,0,72.18071330684762,22.387465027360875,37.3254395112069,1,0,0
S7,1020,0,66.08074047755738,22.495657210278175,35.57118219046194,1,0,0
S7,1050,0,65.00580475078486,22.86555528201185,35.50763012264376,1,0,0
S7,1080,0,32.988484523798,20.13482241300234,23.99092104624104,0,0,0
S7,1110,0,62.65671898134201,21.096881336332494,33.56483262983535,1,0,0
S7,1140,0,78.70243900872816,26.94690786373607,42.4735672072337,1,0,0
S7,1170,0,88.1860032736528,32.38729046633618,49.12690430853117,1,0,0
S7,1200,0,37.38206893361769,31.07343920546285,32.966028123909304,1,0,0
S7,1230,0,29.123528153266925,52.46739103115765,45.46423216779043,0,0,0
S7,1260,0,17.28245536803354,47.07886337109359,38.13994097017557,0,0,0
S7,3060,1,99.99993406023309,67.87300086181205,77.51108082133837,1,1,1
S7,3090,1,99.9999953955434,58.208787368046224,70.74614977629537,1,0,1
S7,3120,1,99.99996238338244,59.616664607048975,71.73165393994901,1,0,1
S7,3150,1,99.99977205032351,72.5284141197016,80.76982149888818,1,1,1
S7,3180,1,99.99956312910508,74.59474579027277,82.21619099192247,1,1,1
S7,3210,1,99.99895935298301,66.54528288807873,76.58138582755001,1,0,1
S7,3240,1,99.99863216870652,67.4414466513807,77.20860230657846,1,1,1
S7,3270,1,99.58079336814953,76.89063801022542,83.69768461760265,1,1,1
S7,3300,1,99.99999462579416,76.53294184187696,83.57305767705212,1,1,1
S7,3330,1,99.99988704183845,73.37368508971848,81.36154567535448,1,1,1
S7,3360,1,99.69899988026337,71.73870693741058,80.12679482026643,1,1,1
S7,3390,1,99.7008037455159,75.01148026833017,82.4182773114859,1,1,1
S7,3420,1,99.99999484415892,71.83961661700286,80.28773008514968,1,1,1
S7,3450,1,99.99957024636824,70.27578232942611,79.19291870450874,1,1,1
S7,3480,1,99.99999718839923,77.20206481397925,84.04144452630524,1,1,1
S7,3510,1,99.9999978501977,60.85187217286716,72.59630987606633,1,0,1
S7,3540,1,99.9999990438381,62.29323667442939,73.60526538525201,1,0,1
S7,3570,1,99.99998598825559,60.60453343874806,72.42316920360031,1,0,1
S7,3600,1,99.99999936278556,62.52393342711622,73.76675320781702,1,0,1
S7,3630,1,99.99999821658984,61.48573037607248,73.04001072822768,1,0,1
S7,3660,1,99.99999100840506,69.61895067323202,78.73326277378393,1,1,1
S7,3690,1,99.99999156386306,66.33421276803165,76.43394640678108,1,0,1
S7,3720,1,99.99961319621029,83.76745750681724,88.63710421363515,1,1,1
S8,120,0,44.54568468076444,85.07372968265108,72.91531618208508,1,1,1
S8,150,0,18.618686812474948,78.24635123904365,60.35805191107304,0,1,0
S8,180,0,4.13744211920854,66.88910306372236,48.063604780368216,0,1,0
S8,210,0,1.7072398508460516,61.75615301492846,43.74147906570373,0,0,0
S8,240,0,1.947550565208718,65.36423639030444,46.33923064277572,0,0,0
S8,270,0,6.621147480048753,47.4271414312039,35.185343245857354,0,0,0
S8,300,0,11.659800724161821,48.22343969521962,37.25434800390228,0,0,0
S8,330,0,19.620141516412325,38.69807445520921,32.97469457357014,0,0,0
S8,360,0,10.734770686878626,31.67816477044525,25.395146545375262,0,0,0
S8,390,0,39.87192775604902,22.626005103022695,27.799781898930593,1,0,0
S8,420,0,1.311473117427755,32.64265962509896,23.243303672797598,0,0,0
S8,450,0,0.15765645760301691,27.243542831007773,19.117776918986344,0,0,0
S8,480,0,0.3618702403905931,18.663334624223626,13.172895309073716,0,0,0
S8,510,0,3.0096417843591605,17.09266429555981,12.867757542199614,0,0,0
S8,540,0,0.09984661586994238,24.370010642105544,17.088961434234864,0,0,0
S8,570,0,1.1615587192319274,35.554885094154244,25.23688718167755,0,0,0
S8,600,0,0.14059770841719807,30.087893613540473,21.10370484200349,0,0,0
S8,630,0,0.43058906857113866,24.592155664979988,17.34368568605733,0,0,0
S8,660,0,0.03938477232526137,32.527693274567625,22.781200723894912,0,0,0
S8,690,0,11.632343783275594,30.60456934736947,24.912901678141306,0,0,0
S8,720,0,11.82893635957163,31.590647499622982,25.662134157607575,0,0,0
S8,750,0,1.742374232698589,36.06103547492725,25.76543710225865,0,0,0
S8,780,0,23.66094633826975,77.92988051235821,61.64920026013167,0,1,0
S8,810,0,15.703302211864115,81.50084193081702,61.761580015131145,0,1,0
S8,840,0,0.08120910975819237,42.500972059175226,29.775043174350113,0,0,0
S8,870,0,1.2148659739586125,49.20945225114606,34.81107636798982,0,0,0
S8,900,0,0.7760035335745847,40.025018881999216,28.250314277471826,0,0,0
S8,930,0,3.8042761669600926,37.564322113735614,27.436308329702957,0,0,0
S8,960,0,13.761848451025962,21.762539118115352,19.362331917988534,0,0,0
S8,990,0,40.23371094134462,17.74219329527753,24.48964858909766,1,0,0
S8,1020,0,51.295133929989674,24.752228742990056,32.71510029908994,1,0,0
S8,1050,0,35.963181815264704,25.52336024842742,28.655306718478606,1,0,0
S8,1080,0,75.50624105054702,23.33448852658592,38.98601428377425,1,0,0
S8,1110,0,79.43858960745037,19.152952710701488,37.238643779726154,1,0,0
S8,1140,0,25.03629251556903,20.13482241300234,21.605263443772348,0,0,0
S8,1170,0,52.37334228157946,22.060537095587996,31.154378651385436,1,0,0
S8,1200,0,66.225565626951,26.797043729365257,38.625600298640975,1,0,0
S8,1230,0,77.55018074776002,22.92542537671486,39.31285198802841,1,0,0
S8,1260,0,47.27287554832018,65.5587271422458,60.072971664068106,1,0,0
S8,1290,0,5.899921566752728,62.429415079392705,45.47056702560071,0,0,0
S8,1320,0,8.207699775874474,50.93282269393609,38.115285818517606,0,0,0
S8,3240,1,97.97202311857936,83.2345865665148,87.65581753213417,1,1,1
S8,3270,1,55.157425267626934,81.7665194373875,73.78379118645933,1,1,1
S8,3300,1,97.09008861580924,79.41894478929676,84.7202879372505,1,1,1
S8,3330,1,98.76103343152074,86.01693739258994,89.84016620426918,1,1,1
S8,3360,1,99.02908323833678,89.52705190470263,92.37766130479288,1,1,1
S8,3390,1,98.55218548441557,88.66896062763112,91.63392808466645,1,1,1
S8,3420,1,98.79378585738452,88.61092472141917,91.66578306220877,1,1,1
S8,3450,1,99.29664027194819,85.5594914300573,89.68063608262457,1,1,1
S8,3480,1,98.92385893940491,87.73503401271438,91.09168149072154,1,1,1
S8,3510,1,97.73275125997529,93.01374651663878,94.42944793963973,1,1,1
S8,3540,1,92.76096919727918,92.0560231797886,92.26750698503577,1,1,1
S8,3570,1,98.83255545740883,91.49763657263861,93.69811223806968,1,1,1
S8,3600,1,97.31303623531961,90.95185207415064,92.86020732250132,1,1,1
S8,3630,1,9.032460479522005,97.08178598283652,70.66698833184216,0,1,1
S8,3660,1,7.728846511354,97.26169539635472,70.4018407308545,0,1,1
S8,3690,1,17.260044357587464,95.75049663225583,72.20336094985532,0,1,1
S8,3720,1,8.727642357930431,92.8714291892645,67.62829313986427,0,1,1
S8,3750,1,15.730112817424738,94.57703504654874,70.92295837781154,0,1,1
S8,3780,1,91.68177632937807,95.23298595404543,94.16762306664522,1,1,1
S8,3810,1,93.05472960561583,93.99369784112072,93.71200737046925,1,1,1
S8,3840,1,80.55865547044793,89.91726706868269,87.10968358921227,1,1,1
S8,3870,1,83.91439288853611,89.27335892127114,87.66566911145063,1,1,1
S8,3900,1,98.42335436810691,93.84010476065431,95.21507964289009,1,1,1
S8,3930,1,99.61331296286592,97.53342871638128,98.15739399032667,1,1,1
S8,3960,1,98.59857072128129,98.02879526811704,98.19972790406632,1,1,1
S9,30,0,1.0085393516071262,70.35167273849811,49.548732722430806,0,1,0
S9,60,0,0.023850869684446274,58.51966322848254,40.97091952084311,0,0,0
S9,90,0,0.005806005303735498,39.95599346464821,27.970937226844864,0,0,0
S9,120,0,0.001461161331702227,42.977381008121704,30.0846050540847,0,0,0
S9,150,0,0.006058152861079678,43.42068586685832,30.39629755265915,0,0,0
S9,180,0,0.005622875872410897,30.68744795306133,21.482900429904653,0,0,0
S9,210,0,0.00589139511772853,33.930287382791555,23.752968586489406,0,0,0
S9,240,0,0.009929577190113007,31.39984543694192,21.982870679016376,0,0,0
S9,270,0,0.08934655869237931,33.60227578833265,23.548397019440564,0,0,0
S9,300,0,0.0019200450841401079,29.5732738238904,20.701867690248523,0,0,0
S9,330,0,0.004095388075634244,29.622119887781462,20.736712537869714,0,0,0
S9,360,0,0.03917059413838053,31.75733599222237,22.241886372797172,0,0,0
S9,390,0,0.004488725704278898,28.944727445389507,20.26265582948394,0,0,0
S9,420,0,0.014476620766509756,27.621049857996592,19.339077886827567,0,0,0
S9,450,0,0.008180607343411472,28.146813368085365,19.70522353986278,0,0,0
S9,480,0,0.0243892820469752,26.271338873412773,18.397253996003034,0,0,0
S9,510,0,2.578432543917033,47.897399562724296,34.30170945708212,0,0,0
S9,540,0,0.6762935695540695,53.8306484883883,37.88434201273803,0,0,0
S9,570,0,0.008551043606042915,31.89264773011029,22.327418724159017,0,0,0
S9,600,0,0.3494817706420822,26.47431123148992,18.636862393235567,0,0,0
S9,630,0,0.0033325085357601768,40.61646990047395,28.432528682892492,0,0,0
S9,660,0,0.001417976270750958,38.06427999919553,26.645421392318095,0,0,0
S9,690,0,0.0025007353188389882,24.552840082753924,17.187738278523398,0,0,0
S9,720,0,0.036292058176548556,19.834083027143446,13.894745736453375,0,0,0
S9,750,0,0.010742732907809008,14.715638118053931,10.304169502510094,0,0,0
S9,780,0,0.00897943894466733,12.138276855336471,8.49948763041893,0,0,0
S9,810,0,0.017681388690255345,17.625495996583275,12.343151614215369,0,0,0
S9,840,0,1.600719011918789,41.15745275014966,29.290432628680396,0,0,0
S9,870,0,2.03123026837417,44.45431303954953,31.727388208196924,0,0,0
S9,900,0,0.00037032695463329747,20.47659715977881,14.333729109931554,0,0,0
S9,930,0,0.0006031129001068053,22.719811457783333,15.904048954318364,0,0,0
S9,960,0,0.0013510324461242233,21.660359964028785,15.162657284553987,0,0,0
S9,990,0,0.004369968153831985,21.682518525330785,15.179073958177698,0,0,0
S9,1020,0,0.002314121706570173,21.764252531398665,15.235671008491034,0,0,0
S9,1050,0,0.006917412346565297,32.90414595985662,23.0349773956036,0,0,0
S9,1080,0,0.0011499117963299525,26.866049116410707,18.80657935502639,0,0,0
S9,1110,0,0.002124744563983736,22.053005565849737,15.43774131946401,0,0,0
S9,1140,0,0.00034669251487884166,20.0643892579626,14.045176488328282,0,0,0
S9,1170,0,0.002935081706098874,30.600594234175983,21.421296488435015,0,0,0
S9,1200,0,0.006846605816468064,27.76243947401217,19.435761613553456,0,0,0
S9,1230,0,0.024885562254346072,28.179489913744316,19.733108608297325,0,0,0
S9,1830,1,99.70003180165752,97.84879866366651,98.40416860506382,1,1,1
S9,1860,1,7.748930553092609,97.59978206601141,70.64452661213576,0,1,1
S9,1890,1,63.4439002037968,92.3560770515753,83.68242399724176,1,1,1
S9,1920,1,60.44609511079734,91.27396854301693,82.02560651335105,1,1,1
S9,1950,1,80.081285835645,92.26187204141348,88.60769617968293,1,1,1
S9,1980,1,76.52805365387974,95.02024416806067,89.47258701380639,1,1,1
S9,2010,1,93.95600094160518,96.16300927909192,95.5009067778459,1,1,1
S9,2040,1,99.5026371444456,95.62136577347522,96.78574718476634,1,1,1
S9,2070,1,99.19828619034084,95.76054325142458,96.79186613309946,1,1,1
S9,2100,1,99.20756012434585,93.79584945394078,95.4193626550623,1,1,1
S9,2130,1,95.87856035904133,98.11049127943578,97.44091200331744,1,1,1
S9,2160,1,85.21507061210355,97.40926237688758,93.75100484745238,1,1,1
S9,2190,1,24.3602174645078,97.09275639747356,75.27299471758384,0,1,1
S9,2220,1,46.18349594904625,95.78675240593158,80.90577546886597,1,1,1
S9,2250,1,91.9598771609845,94.05092554486195,93.42361102969872,1,1,1
S9,2280,1,33.51941375432991,91.57163639752224,74.15596960456453,0,1,1
S9,2310,1,5.642114729865386,91.34076936838458,65.63117297682882,0,1,1
S9,2340,1,69.77455643929696,96.68434615273699,88.61140923870498,1,1,1
S9,2370,1,61.59716358908505,96.46925798899146,86.00762966901954,1,1,1
S9,2400,1,82.54939171120901,96.5914603809494,92.37883978002728,1,1,1
S9,2430,1,89.821229956868,96.98391779876326,94.83511144619467,1,1,1
S9,2460,1,73.82058530686925,98.14118228801225,90.84500319366936,1,1,1
S9,2490,1,96.800750750345,98.16843611112658,97.7581305028921,1,1,1
