sensor_set,system,subject,test_windows,accuracy,baseline_precision,baseline_recall,baseline_f1,stress_precision,stress_recall,stress_f1,false_stress_alerts,missed_stress_windows,tuned_threshold,tuned_weight
ALL,SVM only,S10,67,0.9701492537313433,0.9534883720930233,1.0,0.9761904761904763,1.0,0.9230769230769231,0.9600000000000001,0,2,44.0,
ALL,Personalized baseline only,S10,67,0.9850746268656716,1.0,0.975609756097561,0.9876543209876543,0.9629629629629629,1.0,0.9811320754716981,1,0,66.0,0.0
ALL,Combined SVM + baseline,S10,67,1.0,1.0,1.0,1.0,1.0,1.0,1.0,0,0,57.5,0.30000000000000004
ALL,SVM only,S11,67,0.9850746268656716,1.0,0.9761904761904762,0.9879518072289156,0.9615384615384616,1.0,0.9803921568627451,1,0,34.0,
ALL,Personalized baseline only,S11,67,0.9850746268656716,0.9767441860465116,1.0,0.988235294117647,1.0,0.96,0.9795918367346939,0,1,66.0,0.0
ALL,Combined SVM + baseline,S11,67,1.0,1.0,1.0,1.0,1.0,1.0,1.0,0,0,57.5,0.30000000000000004
ALL,SVM only,S13,66,0.8484848484848485,1.0,0.7619047619047619,0.8648648648648648,0.7058823529411765,1.0,0.8275862068965517,10,0,24.5,
ALL,Personalized baseline only,S13,66,0.9848484848484849,0.9767441860465116,1.0,0.988235294117647,1.0,0.9583333333333334,0.9787234042553191,0,1,66.0,0.0
ALL,Combined SVM + baseline,S13,66,0.9545454545454546,1.0,0.9285714285714286,0.962962962962963,0.8888888888888888,1.0,0.9411764705882353,3,0,58.0,0.4
ALL,SVM only,S14,65,0.6923076923076923,0.6842105263157895,0.9512195121951219,0.7959183673469389,0.75,0.25,0.375,2,18,30.0,
ALL,Personalized baseline only,S14,65,0.9384615384615385,1.0,0.9024390243902439,0.9487179487179488,0.8571428571428571,1.0,0.923076923076923,4,0,66.0,0.0
ALL,Combined SVM + baseline,S14,65,0.7076923076923077,0.7037037037037037,0.926829268292683,0.8000000000000002,0.7272727272727273,0.3333333333333333,0.4571428571428572,3,16,54.0,0.4
ALL,SVM only,S15,66,0.7878787878787878,0.9354838709677419,0.7073170731707317,0.8055555555555556,0.6571428571428571,0.92,0.7666666666666667,12,2,20.0,
ALL,Personalized baseline only,S15,66,1.0,1.0,1.0,1.0,1.0,1.0,1.0,0,0,66.0,0.0
ALL,Combined SVM + baseline,S15,66,0.9696969696969697,0.975609756097561,0.975609756097561,0.975609756097561,0.96,0.96,0.96,1,1,59.5,0.4
ALL,SVM only,S16,65,0.8769230769230769,1.0,0.8048780487804879,0.8918918918918919,0.75,1.0,0.8571428571428571,8,0,23.5,
ALL,Personalized baseline only,S16,65,0.9692307692307692,1.0,0.9512195121951219,0.975,0.9230769230769231,1.0,0.9600000000000001,2,0,66.0,0.0
ALL,Combined SVM + baseline,S16,65,0.9692307692307692,1.0,0.9512195121951219,0.975,0.9230769230769231,1.0,0.9600000000000001,2,0,54.0,0.2
ALL,SVM only,S17,67,0.7164179104477612,0.8055555555555556,0.7073170731707317,0.7532467532467532,0.6129032258064516,0.7307692307692307,0.6666666666666667,12,7,28.0,
ALL,Personalized baseline only,S17,67,0.9402985074626866,1.0,0.9024390243902439,0.9487179487179488,0.8666666666666667,1.0,0.9285714285714286,4,0,66.0,0.0
ALL,Combined SVM + baseline,S17,67,0.9253731343283582,1.0,0.8780487804878049,0.9350649350649352,0.8387096774193549,1.0,0.9122807017543859,5,0,53.0,0.2
ALL,SVM only,S2,63,0.9523809523809523,0.9302325581395349,1.0,0.963855421686747,1.0,0.8695652173913043,0.9302325581395349,0,3,32.0,
ALL,Personalized baseline only,S2,63,0.873015873015873,1.0,0.8,0.888888888888889,0.7419354838709677,1.0,0.8518518518518519,8,0,66.0,0.0
ALL,Combined SVM + baseline,S2,63,0.9206349206349206,1.0,0.875,0.9333333333333333,0.8214285714285714,1.0,0.9019607843137255,5,0,57.0,0.4
ALL,SVM only,S3,64,0.71875,1.0,0.55,0.7096774193548387,0.5714285714285714,1.0,0.7272727272727273,18,0,40.0,
ALL,Personalized baseline only,S3,64,0.609375,0.6415094339622641,0.85,0.7311827956989247,0.45454545454545453,0.20833333333333334,0.28571428571428575,6,19,66.0,0.0
ALL,Combined SVM + baseline,S3,64,0.640625,0.6666666666666666,0.85,0.7472527472527473,0.5384615384615384,0.2916666666666667,0.3783783783783784,6,17,66.0,0.2
ALL,SVM only,S4,64,0.984375,1.0,0.975609756097561,0.9876543209876543,0.9583333333333334,1.0,0.9787234042553191,1,0,39.0,
ALL,Personalized baseline only,S4,64,0.859375,1.0,0.7804878048780488,0.8767123287671234,0.71875,1.0,0.8363636363636363,9,0,66.0,0.0
ALL,Combined SVM + baseline,S4,64,0.875,1.0,0.8048780487804879,0.8918918918918919,0.7419354838709677,1.0,0.8518518518518519,8,0,57.5,0.30000000000000004
ALL,SVM only,S5,65,0.8153846153846154,0.875,0.8333333333333334,0.8536585365853658,0.72,0.782608695652174,0.7499999999999999,7,5,34.5,
ALL,Personalized baseline only,S5,65,0.9230769230769231,1.0,0.8809523809523809,0.9367088607594937,0.8214285714285714,1.0,0.9019607843137255,5,0,66.0,0.0
ALL,Combined SVM + baseline,S5,65,0.9230769230769231,1.0,0.8809523809523809,0.9367088607594937,0.8214285714285714,1.0,0.9019607843137255,5,0,54.0,0.2
ALL,SVM only,S6,65,0.9076923076923077,0.8888888888888888,0.975609756097561,0.9302325581395349,0.95,0.7916666666666666,0.8636363636363635,1,5,34.0,
ALL,Personalized baseline only,S6,65,0.9076923076923077,1.0,0.8536585365853658,0.9210526315789475,0.8,1.0,0.888888888888889,6,0,66.0,0.0
ALL,Combined SVM + baseline,S6,65,0.9076923076923077,1.0,0.8536585365853658,0.9210526315789475,0.8,1.0,0.888888888888889,6,0,54.5,0.2
ALL,SVM only,S7,64,0.640625,1.0,0.43902439024390244,0.6101694915254238,0.5,1.0,0.6666666666666666,23,0,36.0,
ALL,Personalized baseline only,S7,64,0.84375,0.8163265306122449,0.975609756097561,0.888888888888889,0.9333333333333333,0.6086956521739131,0.7368421052631579,1,9,67.0,0.0
ALL,Combined SVM + baseline,S7,64,0.9375,1.0,0.9024390243902439,0.9487179487179488,0.8518518518518519,1.0,0.92,4,0,59.5,0.30000000000000004
ALL,SVM only,S8,66,0.7575757575757576,0.8571428571428571,0.7317073170731707,0.7894736842105263,0.6451612903225806,0.8,0.7142857142857142,11,5,34.5,
ALL,Personalized baseline only,S8,66,0.9242424242424242,1.0,0.8780487804878049,0.9350649350649352,0.8333333333333334,1.0,0.9090909090909091,5,0,66.0,0.0
ALL,Combined SVM + baseline,S8,66,0.9848484848484849,1.0,0.975609756097561,0.9876543209876543,0.9615384615384616,1.0,0.9803921568627451,1,0,66.0,0.30000000000000004
ALL,SVM only,S9,64,0.9375,0.9111111111111111,1.0,0.9534883720930233,1.0,0.8260869565217391,0.9047619047619047,0,4,35.5,
ALL,Personalized baseline only,S9,64,0.984375,1.0,0.975609756097561,0.9876543209876543,0.9583333333333334,1.0,0.9787234042553191,1,0,66.0,0.0
ALL,Combined SVM + baseline,S9,64,1.0,1.0,1.0,1.0,1.0,1.0,1.0,0,0,57.0,0.30000000000000004
EDA_only,SVM only,S10,67,0.8955223880597015,1.0,0.8292682926829268,0.9066666666666667,0.7878787878787878,1.0,0.8813559322033898,7,0,33.5,
EDA_only,Personalized baseline only,S10,67,0.9850746268656716,1.0,0.975609756097561,0.9876543209876543,0.9629629629629629,1.0,0.9811320754716981,1,0,55.0,0.0
EDA_only,Combined SVM + baseline,S10,67,0.9850746268656716,1.0,0.975609756097561,0.9876543209876543,0.9629629629629629,1.0,0.9811320754716981,1,0,55.0,0.0
EDA_only,SVM only,S11,67,0.4925373134328358,0.7857142857142857,0.2619047619047619,0.39285714285714285,0.41509433962264153,0.88,0.5641025641025641,31,3,27.0,
EDA_only,Personalized baseline only,S11,67,0.6417910447761194,0.640625,0.9761904761904762,0.7735849056603773,0.6666666666666666,0.08,0.14285714285714285,1,23,55.0,0.0
EDA_only,Combined SVM + baseline,S11,67,0.6417910447761194,0.640625,0.9761904761904762,0.7735849056603773,0.6666666666666666,0.08,0.14285714285714285,1,23,55.0,0.0
EDA_only,SVM only,S13,66,0.3181818181818182,0.4444444444444444,0.2857142857142857,0.34782608695652173,0.23076923076923078,0.375,0.2857142857142857,30,15,26.0,
EDA_only,Personalized baseline only,S13,66,0.9696969696969697,1.0,0.9523809523809523,0.975609756097561,0.9230769230769231,1.0,0.9600000000000001,2,0,55.0,0.0
EDA_only,Combined SVM + baseline,S13,66,0.8939393939393939,0.8888888888888888,0.9523809523809523,0.9195402298850575,0.9047619047619048,0.7916666666666666,0.8444444444444444,2,5,58.5,0.2
EDA_only,SVM only,S14,65,0.6307692307692307,0.6440677966101694,0.926829268292683,0.76,0.5,0.125,0.2,3,21,19.5,
EDA_only,Personalized baseline only,S14,65,0.6307692307692307,0.6545454545454545,0.8780487804878049,0.7499999999999999,0.5,0.20833333333333334,0.29411764705882354,5,19,59.0,0.0
EDA_only,Combined SVM + baseline,S14,65,0.6307692307692307,0.6545454545454545,0.8780487804878049,0.7499999999999999,0.5,0.20833333333333334,0.29411764705882354,5,19,59.0,0.0
EDA_only,SVM only,S15,66,0.9848484848484849,1.0,0.975609756097561,0.9876543209876543,0.9615384615384616,1.0,0.9803921568627451,1,0,22.5,
EDA_only,Personalized baseline only,S15,66,0.9848484848484849,1.0,0.975609756097561,0.9876543209876543,0.9615384615384616,1.0,0.9803921568627451,1,0,55.0,0.0
EDA_only,Combined SVM + baseline,S15,66,0.9848484848484849,1.0,0.975609756097561,0.9876543209876543,0.9615384615384616,1.0,0.9803921568627451,1,0,55.0,0.0
EDA_only,SVM only,S16,65,1.0,1.0,1.0,1.0,1.0,1.0,1.0,0,0,27.5,
EDA_only,Personalized baseline only,S16,65,0.9692307692307692,1.0,0.9512195121951219,0.975,0.9230769230769231,1.0,0.9600000000000001,2,0,55.0,0.0
EDA_only,Combined SVM + baseline,S16,65,0.9692307692307692,1.0,0.9512195121951219,0.975,0.9230769230769231,1.0,0.9600000000000001,2,0,55.0,0.0
EDA_only,SVM only,S17,67,0.23880597014925373,0.3076923076923077,0.1951219512195122,0.23880597014925378,0.1951219512195122,0.3076923076923077,0.23880597014925378,33,18,25.5,
EDA_only,Personalized baseline only,S17,67,0.6268656716417911,0.6379310344827587,0.9024390243902439,0.7474747474747474,0.5555555555555556,0.19230769230769232,0.28571428571428575,4,21,55.0,0.0
EDA_only,Combined SVM + baseline,S17,67,0.6268656716417911,0.6379310344827587,0.9024390243902439,0.7474747474747474,0.5555555555555556,0.19230769230769232,0.28571428571428575,4,21,55.0,0.0
EDA_only,SVM only,S2,63,0.8095238095238095,0.8888888888888888,0.8,0.8421052631578948,0.7037037037037037,0.8260869565217391,0.76,8,4,27.5,
EDA_only,Personalized baseline only,S2,63,0.8095238095238095,1.0,0.7,0.8235294117647058,0.6571428571428571,1.0,0.7931034482758621,12,0,55.0,0.0
EDA_only,Combined SVM + baseline,S2,63,0.8095238095238095,1.0,0.7,0.8235294117647058,0.6571428571428571,1.0,0.7931034482758621,12,0,55.0,0.0
EDA_only,SVM only,S3,64,0.53125,0.8571428571428571,0.3,0.4444444444444444,0.44,0.9166666666666666,0.5945945945945945,28,2,27.5,
EDA_only,Personalized baseline only,S3,64,0.640625,0.673469387755102,0.825,0.7415730337078652,0.5333333333333333,0.3333333333333333,0.4102564102564102,7,16,55.0,0.0
EDA_only,Combined SVM + baseline,S3,64,0.640625,0.673469387755102,0.825,0.7415730337078652,0.5333333333333333,0.3333333333333333,0.4102564102564102,7,16,55.0,0.0
EDA_only,SVM only,S4,64,1.0,1.0,1.0,1.0,1.0,1.0,1.0,0,0,26.5,
EDA_only,Personalized baseline only,S4,64,0.875,1.0,0.8048780487804879,0.8918918918918919,0.7419354838709677,1.0,0.8518518518518519,8,0,55.0,0.0
EDA_only,Combined SVM + baseline,S4,64,0.875,1.0,0.8048780487804879,0.8918918918918919,0.7419354838709677,1.0,0.8518518518518519,8,0,55.0,0.0
EDA_only,SVM only,S5,65,0.6461538461538462,0.8518518518518519,0.5476190476190477,0.6666666666666667,0.5,0.8260869565217391,0.6229508196721311,19,4,27.0,
EDA_only,Personalized baseline only,S5,65,0.8615384615384616,1.0,0.7857142857142857,0.88,0.71875,1.0,0.8363636363636363,9,0,55.0,0.0
EDA_only,Combined SVM + baseline,S5,65,0.8615384615384616,1.0,0.7857142857142857,0.88,0.71875,1.0,0.8363636363636363,9,0,55.0,0.0
EDA_only,SVM only,S6,65,0.6307692307692307,0.9047619047619048,0.4634146341463415,0.6129032258064516,0.5,0.9166666666666666,0.6470588235294118,22,2,20.5,
EDA_only,Personalized baseline only,S6,65,0.8923076923076924,1.0,0.8292682926829268,0.9066666666666667,0.7741935483870968,1.0,0.8727272727272727,7,0,55.0,0.0
EDA_only,Combined SVM + baseline,S6,65,0.8923076923076924,1.0,0.8292682926829268,0.9066666666666667,0.7741935483870968,1.0,0.8727272727272727,7,0,55.0,0.0
EDA_only,SVM only,S7,64,0.625,0.7428571428571429,0.6341463414634146,0.6842105263157895,0.4827586206896552,0.6086956521739131,0.5384615384615384,15,9,14.5,
EDA_only,Personalized baseline only,S7,64,0.984375,1.0,0.975609756097561,0.9876543209876543,0.9583333333333334,1.0,0.9787234042553191,1,0,55.0,0.0
EDA_only,Combined SVM + baseline,S7,64,0.984375,1.0,0.975609756097561,0.9876543209876543,0.9583333333333334,1.0,0.9787234042553191,1,0,55.0,0.0
EDA_only,SVM only,S8,66,0.8939393939393939,0.925,0.9024390243902439,0.9135802469135802,0.8461538461538461,0.88,0.8627450980392156,4,3,21.5,
EDA_only,Personalized baseline only,S8,66,0.9242424242424242,1.0,0.8780487804878049,0.9350649350649352,0.8333333333333334,1.0,0.9090909090909091,5,0,55.0,0.0
EDA_only,Combined SVM + baseline,S8,66,0.9242424242424242,1.0,0.8780487804878049,0.9350649350649352,0.8333333333333334,1.0,0.9090909090909091,5,0,55.0,0.0
EDA_only,SVM only,S9,64,0.890625,1.0,0.8292682926829268,0.9066666666666667,0.7666666666666667,1.0,0.8679245283018869,7,0,15.5,
EDA_only,Personalized baseline only,S9,64,0.96875,1.0,0.9512195121951219,0.975,0.92,1.0,0.9583333333333334,2,0,55.0,0.0
EDA_only,Combined SVM + baseline,S9,64,0.96875,1.0,0.9512195121951219,0.975,0.92,1.0,0.9583333333333334,2,0,55.0,0.0
BVP_only,SVM only,S10,67,0.5074626865671642,0.6052631578947368,0.5609756097560976,0.5822784810126583,0.3793103448275862,0.4230769230769231,0.4,18,15,38.5,
BVP_only,Personalized baseline only,S10,67,0.6567164179104478,0.725,0.7073170731707317,0.7160493827160495,0.5555555555555556,0.5769230769230769,0.5660377358490566,12,11,25.0,0.0
BVP_only,Combined SVM + baseline,S10,67,0.5373134328358209,0.625,0.6097560975609756,0.6172839506172839,0.4074074074074074,0.4230769230769231,0.4150943396226415,16,15,32.0,0.4
BVP_only,SVM only,S11,67,0.9552238805970149,0.9534883720930233,0.9761904761904762,0.9647058823529412,0.9583333333333334,0.92,0.9387755102040817,1,2,34.0,
BVP_only,Personalized baseline only,S11,67,0.6567164179104478,0.7878787878787878,0.6190476190476191,0.6933333333333334,0.5294117647058824,0.72,0.6101694915254237,16,7,22.0,0.0
BVP_only,Combined SVM + baseline,S11,67,0.9104477611940298,0.9285714285714286,0.9285714285714286,0.9285714285714286,0.88,0.88,0.88,3,3,30.0,0.4
BVP_only,SVM only,S13,66,0.6666666666666666,0.8846153846153846,0.5476190476190477,0.6764705882352942,0.525,0.875,0.6562500000000001,19,3,33.0,
BVP_only,Personalized baseline only,S13,66,0.6212121212121212,0.7575757575757576,0.5952380952380952,0.6666666666666667,0.48484848484848486,0.6666666666666666,0.5614035087719298,17,8,25.0,0.0
BVP_only,Combined SVM + baseline,S13,66,0.7424242424242424,0.8571428571428571,0.7142857142857143,0.7792207792207793,0.6129032258064516,0.7916666666666666,0.6909090909090909,12,5,31.5,0.4
BVP_only,SVM only,S14,65,0.8615384615384616,0.8636363636363636,0.926829268292683,0.8941176470588236,0.8571428571428571,0.75,0.7999999999999999,3,6,32.5,
BVP_only,Personalized baseline only,S14,65,0.6615384615384615,0.7714285714285715,0.6585365853658537,0.7105263157894737,0.5333333333333333,0.6666666666666666,0.5925925925925926,14,8,25.0,0.0
BVP_only,Combined SVM + baseline,S14,65,0.8769230769230769,0.8837209302325582,0.926829268292683,0.9047619047619047,0.8636363636363636,0.7916666666666666,0.8260869565217391,3,5,31.0,0.4
BVP_only,SVM only,S15,66,0.6060606060606061,0.7586206896551724,0.5365853658536586,0.6285714285714286,0.4864864864864865,0.72,0.5806451612903226,19,7,35.5,
BVP_only,Personalized baseline only,S15,66,0.7272727272727273,0.8709677419354839,0.6585365853658537,0.75,0.6,0.84,0.7000000000000001,14,4,25.0,0.0
BVP_only,Combined SVM + baseline,S15,66,0.6818181818181818,0.8125,0.6341463414634146,0.7123287671232876,0.5588235294117647,0.76,0.6440677966101696,15,6,31.5,0.4
BVP_only,SVM only,S16,65,0.8307692307692308,1.0,0.7317073170731707,0.8450704225352113,0.6857142857142857,1.0,0.8135593220338984,11,0,31.5,
BVP_only,Personalized baseline only,S16,65,0.7230769230769231,1.0,0.5609756097560976,0.71875,0.5714285714285714,1.0,0.7272727272727273,18,0,22.0,0.0
BVP_only,Combined SVM + baseline,S16,65,0.8923076923076924,1.0,0.8292682926829268,0.9066666666666667,0.7741935483870968,1.0,0.8727272727272727,7,0,31.0,0.4
BVP_only,SVM only,S17,67,0.9253731343283582,1.0,0.8780487804878049,0.9350649350649352,0.8387096774193549,1.0,0.9122807017543859,5,0,35.5,
BVP_only,Personalized baseline only,S17,67,0.582089552238806,0.6326530612244898,0.7560975609756098,0.6888888888888889,0.4444444444444444,0.3076923076923077,0.3636363636363637,10,18,26.0,0.0
BVP_only,Combined SVM + baseline,S17,67,0.9104477611940298,1.0,0.8536585365853658,0.9210526315789475,0.8125,1.0,0.896551724137931,6,0,32.0,0.4
BVP_only,SVM only,S2,63,0.8095238095238095,0.9666666666666667,0.725,0.8285714285714285,0.6666666666666666,0.9565217391304348,0.7857142857142856,11,1,28.5,
BVP_only,Personalized baseline only,S2,63,0.5555555555555556,0.6578947368421053,0.625,0.6410256410256411,0.4,0.43478260869565216,0.41666666666666663,15,13,25.0,0.0
BVP_only,Combined SVM + baseline,S2,63,0.8571428571428571,0.9428571428571428,0.825,0.88,0.75,0.9130434782608695,0.8235294117647057,7,2,32.0,0.4
BVP_only,SVM only,S3,64,0.671875,0.8518518518518519,0.575,0.6865671641791045,0.5405405405405406,0.8333333333333334,0.6557377049180328,17,4,23.5,
BVP_only,Personalized baseline only,S3,64,0.5625,0.6428571428571429,0.675,0.6585365853658537,0.4090909090909091,0.375,0.3913043478260869,13,15,26.0,0.0
BVP_only,Combined SVM + baseline,S3,64,0.6875,0.7941176470588235,0.675,0.7297297297297296,0.5666666666666667,0.7083333333333334,0.6296296296296297,13,7,30.0,0.30000000000000004
BVP_only,SVM only,S4,64,0.84375,0.8604651162790697,0.9024390243902439,0.8809523809523809,0.8095238095238095,0.7391304347826086,0.7727272727272727,4,6,25.0,
BVP_only,Personalized baseline only,S4,64,0.6875,1.0,0.5121951219512195,0.6774193548387097,0.5348837209302325,1.0,0.6969696969696969,20,0,22.0,0.0
BVP_only,Combined SVM + baseline,S4,64,0.84375,1.0,0.7560975609756098,0.8611111111111112,0.696969696969697,1.0,0.8214285714285715,10,0,30.0,0.4
BVP_only,SVM only,S5,65,0.5384615384615384,1.0,0.2857142857142857,0.4444444444444445,0.4339622641509434,1.0,0.6052631578947368,30,0,33.0,
BVP_only,Personalized baseline only,S5,65,0.6153846153846154,0.7428571428571429,0.6190476190476191,0.6753246753246753,0.4666666666666667,0.6086956521739131,0.5283018867924527,16,9,26.0,0.0
BVP_only,Combined SVM + baseline,S5,65,0.676923076923077,1.0,0.5,0.6666666666666666,0.5227272727272727,1.0,0.6865671641791045,21,0,31.0,0.4
BVP_only,SVM only,S6,65,0.9230769230769231,0.9285714285714286,0.9512195121951219,0.9397590361445782,0.9130434782608695,0.875,0.8936170212765957,2,3,31.5,
BVP_only,Personalized baseline only,S6,65,0.6923076923076923,0.7837837837837838,0.7073170731707317,0.7435897435897435,0.5714285714285714,0.6666666666666666,0.6153846153846153,12,8,25.0,0.0
BVP_only,Combined SVM + baseline,S6,65,0.8307692307692308,0.8260869565217391,0.926829268292683,0.8735632183908046,0.8421052631578947,0.6666666666666666,0.744186046511628,3,8,30.0,0.4
BVP_only,SVM only,S7,64,0.46875,0.8888888888888888,0.1951219512195122,0.32,0.4,0.9565217391304348,0.5641025641025641,33,1,36.5,
BVP_only,Personalized baseline only,S7,64,0.734375,0.8333333333333334,0.7317073170731707,0.7792207792207793,0.6071428571428571,0.7391304347826086,0.6666666666666666,11,6,25.0,0.0
BVP_only,Combined SVM + baseline,S7,64,0.625,1.0,0.4146341463414634,0.5862068965517241,0.48936170212765956,1.0,0.6571428571428571,24,0,33.0,0.4
BVP_only,SVM only,S8,66,0.8484848484848485,0.8444444444444444,0.926829268292683,0.8837209302325582,0.8571428571428571,0.72,0.782608695652174,3,7,36.0,
BVP_only,Personalized baseline only,S8,66,0.7121212121212122,0.84375,0.6585365853658537,0.7397260273972602,0.5882352941176471,0.8,0.6779661016949153,14,5,25.0,0.0
BVP_only,Combined SVM + baseline,S8,66,0.8333333333333334,0.9411764705882353,0.7804878048780488,0.8533333333333334,0.71875,0.92,0.8070175438596492,9,2,29.0,0.30000000000000004
BVP_only,SVM only,S9,64,0.84375,0.8297872340425532,0.9512195121951219,0.8863636363636364,0.8823529411764706,0.6521739130434783,0.75,2,8,37.5,
BVP_only,Personalized baseline only,S9,64,0.65625,0.9130434782608695,0.5121951219512195,0.6562499999999999,0.5121951219512195,0.9130434782608695,0.6562499999999999,20,2,22.0,0.0
BVP_only,Combined SVM + baseline,S9,64,0.859375,0.8478260869565217,0.9512195121951219,0.8965517241379309,0.8888888888888888,0.6956521739130435,0.7804878048780488,2,7,34.0,0.6000000000000001
TEMP_only,SVM only,S10,67,0.7611940298507462,1.0,0.6097560975609756,0.7575757575757575,0.6190476190476191,1.0,0.7647058823529412,16,0,21.5,
TEMP_only,Personalized baseline only,S10,67,0.6119402985074627,0.6119402985074627,1.0,0.7592592592592593,0.0,0.0,0.0,0,26,35.5,0.0
TEMP_only,Combined SVM + baseline,S10,67,0.6119402985074627,0.6119402985074627,1.0,0.7592592592592593,0.0,0.0,0.0,0,26,38.0,0.2
TEMP_only,SVM only,S11,67,0.9850746268656716,1.0,0.9761904761904762,0.9879518072289156,0.9615384615384616,1.0,0.9803921568627451,1,0,23.0,
TEMP_only,Personalized baseline only,S11,67,0.8208955223880597,1.0,0.7142857142857143,0.8333333333333333,0.6756756756756757,1.0,0.8064516129032258,12,0,31.0,0.0
TEMP_only,Combined SVM + baseline,S11,67,1.0,1.0,1.0,1.0,1.0,1.0,1.0,0,0,37.5,0.2
TEMP_only,SVM only,S13,66,0.7727272727272727,0.7368421052631579,1.0,0.8484848484848484,1.0,0.375,0.5454545454545454,0,15,37.5,
TEMP_only,Personalized baseline only,S13,66,0.8787878787878788,1.0,0.8095238095238095,0.8947368421052632,0.75,1.0,0.8571428571428571,8,0,35.5,0.0
TEMP_only,Combined SVM + baseline,S13,66,0.9242424242424242,1.0,0.8809523809523809,0.9367088607594937,0.8275862068965517,1.0,0.9056603773584906,5,0,34.0,0.1
TEMP_only,SVM only,S14,65,0.36923076923076925,0.0,0.0,0.0,0.36923076923076925,1.0,0.5393258426966292,41,0,17.0,
TEMP_only,Personalized baseline only,S14,65,0.9846153846153847,1.0,0.975609756097561,0.9876543209876543,0.96,1.0,0.9795918367346939,1,0,35.5,0.0
TEMP_only,Combined SVM + baseline,S14,65,0.5384615384615384,1.0,0.2682926829268293,0.4230769230769231,0.4444444444444444,1.0,0.6153846153846153,30,0,36.5,0.30000000000000004
TEMP_only,SVM only,S15,66,0.6363636363636364,0.9047619047619048,0.4634146341463415,0.6129032258064516,0.5111111111111111,0.92,0.6571428571428571,22,2,17.5,
TEMP_only,Personalized baseline only,S15,66,0.6212121212121212,0.6333333333333333,0.926829268292683,0.7524752475247526,0.5,0.12,0.1935483870967742,3,22,35.5,0.0
TEMP_only,Combined SVM + baseline,S15,66,0.6212121212121212,0.6212121212121212,1.0,0.766355140186916,0.0,0.0,0.0,0,25,38.5,0.2
TEMP_only,SVM only,S16,65,0.49230769230769234,1.0,0.1951219512195122,0.326530612244898,0.42105263157894735,1.0,0.5925925925925926,33,0,18.0,
TEMP_only,Personalized baseline only,S16,65,0.6307692307692307,0.6307692307692307,1.0,0.7735849056603773,0.0,0.0,0.0,0,24,35.5,0.0
TEMP_only,Combined SVM + baseline,S16,65,0.6307692307692307,0.6307692307692307,1.0,0.7735849056603773,0.0,0.0,0.0,0,24,39.0,0.2
TEMP_only,SVM only,S17,67,0.6865671641791045,0.8333333333333334,0.6097560975609756,0.7042253521126761,0.5675675675675675,0.8076923076923077,0.6666666666666666,16,5,26.5,
TEMP_only,Personalized baseline only,S17,67,0.835820895522388,1.0,0.7317073170731707,0.8450704225352113,0.7027027027027027,1.0,0.8253968253968255,11,0,35.5,0.0
TEMP_only,Combined SVM + baseline,S17,67,0.835820895522388,1.0,0.7317073170731707,0.8450704225352113,0.7027027027027027,1.0,0.8253968253968255,11,0,37.5,0.2
TEMP_only,SVM only,S2,63,0.9365079365079365,0.9090909090909091,1.0,0.9523809523809523,1.0,0.8260869565217391,0.9047619047619047,0,4,21.0,
TEMP_only,Personalized baseline only,S2,63,0.9523809523809523,1.0,0.925,0.961038961038961,0.8846153846153846,1.0,0.9387755102040816,3,0,35.5,0.0
TEMP_only,Combined SVM + baseline,S2,63,0.9523809523809523,1.0,0.925,0.961038961038961,0.8846153846153846,1.0,0.9387755102040816,3,0,34.0,0.1
TEMP_only,SVM only,S3,64,0.546875,1.0,0.275,0.4313725490196079,0.4528301886792453,1.0,0.6233766233766235,29,0,25.5,
TEMP_only,Personalized baseline only,S3,64,0.78125,0.7407407407407407,1.0,0.851063829787234,1.0,0.4166666666666667,0.5882352941176471,0,14,42.5,0.0
TEMP_only,Combined SVM + baseline,S3,64,0.84375,0.9411764705882353,0.8,0.8648648648648648,0.7333333333333333,0.9166666666666666,0.8148148148148148,8,2,37.0,0.2
TEMP_only,SVM only,S4,64,0.46875,1.0,0.17073170731707318,0.2916666666666667,0.40350877192982454,1.0,0.575,34,0,25.0,
TEMP_only,Personalized baseline only,S4,64,0.953125,1.0,0.926829268292683,0.9620253164556963,0.8846153846153846,1.0,0.9387755102040816,3,0,35.5,0.0
TEMP_only,Combined SVM + baseline,S4,64,0.9375,1.0,0.9024390243902439,0.9487179487179488,0.8518518518518519,1.0,0.92,4,0,37.5,0.2
TEMP_only,SVM only,S5,65,0.8307692307692308,0.8163265306122449,0.9523809523809523,0.8791208791208791,0.875,0.6086956521739131,0.717948717948718,2,9,20.0,
TEMP_only,Personalized baseline only,S5,65,0.8,1.0,0.6904761904761905,0.8169014084507042,0.6388888888888888,1.0,0.7796610169491525,13,0,35.5,0.0
TEMP_only,Combined SVM + baseline,S5,65,0.8307692307692308,0.9428571428571428,0.7857142857142857,0.8571428571428571,0.7,0.9130434782608695,0.7924528301886793,9,2,38.0,0.2
TEMP_only,SVM only,S6,65,0.6,1.0,0.36585365853658536,0.5357142857142857,0.48,1.0,0.6486486486486487,26,0,23.0,
TEMP_only,Personalized baseline only,S6,65,0.6615384615384615,0.7714285714285715,0.6585365853658537,0.7105263157894737,0.5333333333333333,0.6666666666666666,0.5925925925925926,14,8,35.5,0.0
TEMP_only,Combined SVM + baseline,S6,65,0.6923076923076923,0.8181818181818182,0.6585365853658537,0.7297297297297297,0.5625,0.75,0.6428571428571429,14,6,40.0,0.2
TEMP_only,SVM only,S7,64,0.703125,0.9583333333333334,0.5609756097560976,0.7076923076923077,0.55,0.9565217391304348,0.6984126984126985,18,1,18.5,
TEMP_only,Personalized baseline only,S7,64,0.890625,1.0,0.8292682926829268,0.9066666666666667,0.7666666666666667,1.0,0.8679245283018869,7,0,35.5,0.0
TEMP_only,Combined SVM + baseline,S7,64,0.90625,1.0,0.8536585365853658,0.9210526315789475,0.7931034482758621,1.0,0.8846153846153846,6,0,38.0,0.2
TEMP_only,SVM only,S8,66,0.8333333333333334,1.0,0.7317073170731707,0.8450704225352113,0.6944444444444444,1.0,0.819672131147541,11,0,18.5,
TEMP_only,Personalized baseline only,S8,66,0.8787878787878788,1.0,0.8048780487804879,0.8918918918918919,0.7575757575757576,1.0,0.8620689655172413,8,0,31.0,0.0
TEMP_only,Combined SVM + baseline,S8,66,0.9393939393939394,1.0,0.9024390243902439,0.9487179487179488,0.8620689655172413,1.0,0.9259259259259259,4,0,38.0,0.2
TEMP_only,SVM only,S9,64,0.640625,0.9090909090909091,0.4878048780487805,0.6349206349206349,0.5,0.9130434782608695,0.6461538461538461,21,2,21.5,
TEMP_only,Personalized baseline only,S9,64,0.671875,0.6612903225806451,1.0,0.7961165048543689,1.0,0.08695652173913043,0.16,0,21,42.5,0.0
TEMP_only,Combined SVM + baseline,S9,64,0.703125,0.6833333333333333,1.0,0.8118811881188119,1.0,0.17391304347826086,0.29629629629629634,0,19,41.0,0.2
ACC_only,SVM only,S10,67,0.9402985074626866,1.0,0.9024390243902439,0.9487179487179488,0.8666666666666667,1.0,0.9285714285714286,4,0,29.0,
ACC_only,Personalized baseline only,S10,67,0.7910447761194029,1.0,0.6585365853658537,0.7941176470588235,0.65,1.0,0.787878787878788,14,0,24.0,0.0
ACC_only,Combined SVM + baseline,S10,67,0.8805970149253731,1.0,0.8048780487804879,0.8918918918918919,0.7647058823529411,1.0,0.8666666666666666,8,0,28.0,0.1
ACC_only,SVM only,S11,67,0.5671641791044776,0.76,0.4523809523809524,0.5671641791044777,0.4523809523809524,0.76,0.5671641791044777,23,6,25.5,
ACC_only,Personalized baseline only,S11,67,0.7761194029850746,0.9655172413793104,0.6666666666666666,0.7887323943661971,0.631578947368421,0.96,0.7619047619047619,14,1,24.0,0.0
ACC_only,Combined SVM + baseline,S11,67,0.8059701492537313,0.967741935483871,0.7142857142857143,0.821917808219178,0.6666666666666666,0.96,0.7868852459016393,12,1,27.5,0.1
ACC_only,SVM only,S13,66,0.7878787878787878,1.0,0.6666666666666666,0.8,0.631578947368421,1.0,0.7741935483870968,14,0,21.5,
ACC_only,Personalized baseline only,S13,66,0.7575757575757576,0.825,0.7857142857142857,0.8048780487804876,0.6538461538461539,0.7083333333333334,0.68,9,7,25.0,0.0
ACC_only,Combined SVM + baseline,S13,66,0.8333333333333334,0.8974358974358975,0.8333333333333334,0.8641975308641975,0.7407407407407407,0.8333333333333334,0.7843137254901961,7,4,27.5,0.1
ACC_only,SVM only,S14,65,0.676923076923077,0.6666666666666666,0.975609756097561,0.7920792079207921,0.8,0.16666666666666666,0.27586206896551724,1,20,30.0,
ACC_only,Personalized baseline only,S14,65,0.6307692307692307,0.7297297297297297,0.6585365853658537,0.6923076923076923,0.5,0.5833333333333334,0.5384615384615384,14,10,24.0,0.0
ACC_only,Combined SVM + baseline,S14,65,0.6923076923076923,0.6909090909090909,0.926829268292683,0.7916666666666667,0.7,0.2916666666666667,0.4117647058823529,3,17,32.0,0.2
ACC_only,SVM only,S15,66,0.8484848484848485,0.8604651162790697,0.9024390243902439,0.8809523809523809,0.8260869565217391,0.76,0.7916666666666667,4,6,24.0,
ACC_only,Personalized baseline only,S15,66,0.8181818181818182,0.9393939393939394,0.7560975609756098,0.8378378378378378,0.696969696969697,0.92,0.793103448275862,10,2,24.0,0.0
ACC_only,Combined SVM + baseline,S15,66,0.8484848484848485,0.8780487804878049,0.8780487804878049,0.8780487804878049,0.8,0.8,0.8000000000000002,5,5,30.5,0.2
ACC_only,SVM only,S16,65,0.9230769230769231,0.9285714285714286,0.9512195121951219,0.9397590361445782,0.9130434782608695,0.875,0.8936170212765957,2,3,32.5,
ACC_only,Personalized baseline only,S16,65,0.8153846153846154,1.0,0.7073170731707317,0.8285714285714285,0.6666666666666666,1.0,0.8,12,0,24.0,0.0
ACC_only,Combined SVM + baseline,S16,65,0.9076923076923077,0.926829268292683,0.926829268292683,0.926829268292683,0.875,0.875,0.875,3,3,32.0,0.2
ACC_only,SVM only,S17,67,0.6865671641791045,0.7777777777777778,0.6829268292682927,0.7272727272727273,0.5806451612903226,0.6923076923076923,0.631578947368421,13,8,28.5,
ACC_only,Personalized baseline only,S17,67,0.7611940298507462,0.7777777777777778,0.8536585365853658,0.8139534883720929,0.7272727272727273,0.6153846153846154,0.6666666666666667,6,10,24.0,0.0
ACC_only,Combined SVM + baseline,S17,67,0.7164179104477612,0.72,0.8780487804878049,0.7912087912087912,0.7058823529411765,0.46153846153846156,0.558139534883721,5,14,33.5,0.2
ACC_only,SVM only,S2,63,0.7936507936507936,1.0,0.675,0.8059701492537313,0.6388888888888888,1.0,0.7796610169491525,13,0,13.5,
ACC_only,Personalized baseline only,S2,63,0.7936507936507936,0.9655172413793104,0.7,0.8115942028985508,0.6470588235294118,0.9565217391304348,0.7719298245614036,12,1,24.0,0.0
ACC_only,Combined SVM + baseline,S2,63,0.9047619047619048,1.0,0.85,0.9189189189189189,0.7931034482758621,1.0,0.8846153846153846,6,0,27.5,0.1
ACC_only,SVM only,S3,64,0.828125,1.0,0.725,0.8405797101449275,0.6857142857142857,1.0,0.8135593220338984,11,0,15.5,
ACC_only,Personalized baseline only,S3,64,0.8125,0.9666666666666667,0.725,0.8285714285714285,0.6764705882352942,0.9583333333333334,0.7931034482758621,11,1,24.0,0.0
ACC_only,Combined SVM + baseline,S3,64,0.84375,1.0,0.75,0.8571428571428571,0.7058823529411765,1.0,0.8275862068965517,10,0,27.5,0.1
ACC_only,SVM only,S4,64,0.9375,1.0,0.9024390243902439,0.9487179487179488,0.8518518518518519,1.0,0.92,4,0,20.5,
ACC_only,Personalized baseline only,S4,64,0.75,1.0,0.6097560975609756,0.7575757575757575,0.5897435897435898,1.0,0.7419354838709677,16,0,24.0,0.0
ACC_only,Combined SVM + baseline,S4,64,0.75,1.0,0.6097560975609756,0.7575757575757575,0.5897435897435898,1.0,0.7419354838709677,16,0,28.0,0.1
ACC_only,SVM only,S5,65,0.8307692307692308,0.9696969696969697,0.7619047619047619,0.8533333333333334,0.6875,0.9565217391304348,0.8,10,1,21.5,
ACC_only,Personalized baseline only,S5,65,0.7076923076923077,0.7555555555555555,0.8095238095238095,0.7816091954022989,0.6,0.5217391304347826,0.5581395348837209,8,11,25.0,0.0
ACC_only,Combined SVM + baseline,S5,65,0.8769230769230769,0.925,0.8809523809523809,0.9024390243902439,0.8,0.8695652173913043,0.8333333333333333,5,3,27.0,0.1
ACC_only,SVM only,S6,65,0.7692307692307693,0.7321428571428571,1.0,0.8453608247422679,1.0,0.375,0.5454545454545454,0,15,31.0,
ACC_only,Personalized baseline only,S6,65,0.7384615384615385,0.9,0.6585365853658537,0.7605633802816902,0.6,0.875,0.711864406779661,14,3,24.0,0.0
ACC_only,Combined SVM + baseline,S6,65,0.7692307692307693,0.76,0.926829268292683,0.8351648351648352,0.8,0.5,0.6153846153846154,3,12,31.0,0.2
ACC_only,SVM only,S7,64,0.5,1.0,0.21951219512195122,0.36,0.41818181818181815,1.0,0.5897435897435896,32,0,47.0,
ACC_only,Personalized baseline only,S7,64,0.828125,0.9411764705882353,0.7804878048780488,0.8533333333333334,0.7,0.9130434782608695,0.7924528301886793,9,2,24.0,0.0
ACC_only,Combined SVM + baseline,S7,64,0.875,1.0,0.8048780487804879,0.8918918918918919,0.7419354838709677,1.0,0.8518518518518519,8,0,35.5,0.2
ACC_only,SVM only,S8,66,0.3787878787878788,0.5,0.24390243902439024,0.32786885245901637,0.32608695652173914,0.6,0.4225352112676057,31,10,28.0,
ACC_only,Personalized baseline only,S8,66,0.8181818181818182,1.0,0.7073170731707317,0.8285714285714285,0.6756756756756757,1.0,0.8064516129032258,12,0,24.0,0.0
ACC_only,Combined SVM + baseline,S8,66,0.6212121212121212,0.7352941176470589,0.6097560975609756,0.6666666666666666,0.5,0.64,0.5614035087719298,16,9,31.5,0.2
ACC_only,SVM only,S9,64,0.96875,0.975609756097561,0.975609756097561,0.975609756097561,0.9565217391304348,0.9565217391304348,0.9565217391304348,1,1,43.5,
ACC_only,Personalized baseline only,S9,64,0.765625,1.0,0.6341463414634146,0.7761194029850745,0.6052631578947368,1.0,0.7540983606557378,15,0,24.0,0.0
ACC_only,Combined SVM + baseline,S9,64,0.875,1.0,0.8048780487804879,0.8918918918918919,0.7419354838709677,1.0,0.8518518518518519,8,0,27.0,0.1
EDA_BVP,SVM only,S10,67,0.5970149253731343,0.6842105263157895,0.6341463414634146,0.6582278481012659,0.4827586206896552,0.5384615384615384,0.509090909090909,15,12,24.5,
EDA_BVP,Personalized baseline only,S10,67,0.9850746268656716,1.0,0.975609756097561,0.9876543209876543,0.9629629629629629,1.0,0.9811320754716981,1,0,55.0,0.0
EDA_BVP,Combined SVM + baseline,S10,67,0.9552238805970149,1.0,0.926829268292683,0.9620253164556963,0.896551724137931,1.0,0.9454545454545454,3,0,52.0,0.4
EDA_BVP,SVM only,S11,67,0.9552238805970149,1.0,0.9285714285714286,0.962962962962963,0.8928571428571429,1.0,0.9433962264150945,3,0,19.0,
EDA_BVP,Personalized baseline only,S11,67,0.6417910447761194,0.640625,0.9761904761904762,0.7735849056603773,0.6666666666666666,0.08,0.14285714285714285,1,23,55.0,0.0
EDA_BVP,Combined SVM + baseline,S11,67,0.6865671641791045,0.6666666666666666,1.0,0.8,1.0,0.16,0.2758620689655173,0,21,55.5,0.30000000000000004
EDA_BVP,SVM only,S13,66,0.5151515151515151,1.0,0.23809523809523808,0.3846153846153846,0.42857142857142855,1.0,0.6,32,0,21.5,
EDA_BVP,Personalized baseline only,S13,66,0.9545454545454546,0.975609756097561,0.9523809523809523,0.963855421686747,0.92,0.9583333333333334,0.9387755102040817,2,1,55.5,0.0
EDA_BVP,Combined SVM + baseline,S13,66,0.9242424242424242,1.0,0.8809523809523809,0.9367088607594937,0.8275862068965517,1.0,0.9056603773584906,5,0,52.5,0.4
EDA_BVP,SVM only,S14,65,0.7538461538461538,0.7358490566037735,0.9512195121951219,0.8297872340425531,0.8333333333333334,0.4166666666666667,0.5555555555555556,2,14,25.5,
EDA_BVP,Personalized baseline only,S14,65,0.6,0.6415094339622641,0.8292682926829268,0.723404255319149,0.4166666666666667,0.20833333333333334,0.2777777777777778,7,19,59.0,0.0
EDA_BVP,Combined SVM + baseline,S14,65,0.6615384615384615,0.6666666666666666,0.926829268292683,0.7755102040816327,0.625,0.20833333333333334,0.3125,3,19,55.5,0.30000000000000004
EDA_BVP,SVM only,S15,66,0.7272727272727273,0.96,0.5853658536585366,0.7272727272727272,0.5853658536585366,0.96,0.7272727272727272,17,1,14.5,
EDA_BVP,Personalized baseline only,S15,66,0.9848484848484849,1.0,0.975609756097561,0.9876543209876543,0.9615384615384616,1.0,0.9803921568627451,1,0,55.0,0.0
EDA_BVP,Combined SVM + baseline,S15,66,1.0,1.0,1.0,1.0,1.0,1.0,1.0,0,0,53.5,0.4
EDA_BVP,SVM only,S16,65,0.8153846153846154,1.0,0.7073170731707317,0.8285714285714285,0.6666666666666666,1.0,0.8,12,0,16.5,
EDA_BVP,Personalized baseline only,S16,65,0.9692307692307692,1.0,0.9512195121951219,0.975,0.9230769230769231,1.0,0.9600000000000001,2,0,55.0,0.0
EDA_BVP,Combined SVM + baseline,S16,65,0.9846153846153847,1.0,0.975609756097561,0.9876543209876543,0.96,1.0,0.9795918367346939,1,0,50.5,0.4
EDA_BVP,SVM only,S17,67,0.7313432835820896,0.7446808510638298,0.8536585365853658,0.7954545454545454,0.7,0.5384615384615384,0.608695652173913,6,12,40.5,
EDA_BVP,Personalized baseline only,S17,67,0.6268656716417911,0.6379310344827587,0.9024390243902439,0.7474747474747474,0.5555555555555556,0.19230769230769232,0.28571428571428575,4,21,55.0,0.0
EDA_BVP,Combined SVM + baseline,S17,67,0.6268656716417911,0.6333333333333333,0.926829268292683,0.7524752475247526,0.5714285714285714,0.15384615384615385,0.24242424242424246,3,22,55.5,0.4
EDA_BVP,SVM only,S2,63,0.8412698412698413,0.96875,0.775,0.8611111111111113,0.7096774193548387,0.9565217391304348,0.8148148148148149,9,1,22.0,
EDA_BVP,Personalized baseline only,S2,63,0.8095238095238095,1.0,0.7,0.8235294117647058,0.6571428571428571,1.0,0.7931034482758621,12,0,55.0,0.0
EDA_BVP,Combined SVM + baseline,S2,63,0.8412698412698413,0.96875,0.775,0.8611111111111113,0.7096774193548387,0.9565217391304348,0.8148148148148149,9,1,54.0,0.4
EDA_BVP,SVM only,S3,64,0.625,1.0,0.4,0.5714285714285715,0.5,1.0,0.6666666666666666,24,0,33.0,
EDA_BVP,Personalized baseline only,S3,64,0.59375,0.6521739130434783,0.75,0.6976744186046512,0.4444444444444444,0.3333333333333333,0.380952380952381,10,16,55.0,0.0
EDA_BVP,Combined SVM + baseline,S3,64,0.59375,0.6346153846153846,0.825,0.717391304347826,0.4166666666666667,0.20833333333333334,0.2777777777777778,7,19,65.0,0.2
EDA_BVP,SVM only,S4,64,0.96875,0.975609756097561,0.975609756097561,0.975609756097561,0.9565217391304348,0.9565217391304348,0.9565217391304348,1,1,28.0,
EDA_BVP,Personalized baseline only,S4,64,0.828125,1.0,0.7317073170731707,0.8450704225352113,0.6764705882352942,1.0,0.8070175438596492,11,0,55.0,0.0
EDA_BVP,Combined SVM + baseline,S4,64,0.875,1.0,0.8048780487804879,0.8918918918918919,0.7419354838709677,1.0,0.8518518518518519,8,0,59.0,0.30000000000000004
EDA_BVP,SVM only,S5,65,0.46153846153846156,1.0,0.16666666666666666,0.2857142857142857,0.39655172413793105,1.0,0.5679012345679012,35,0,20.0,
EDA_BVP,Personalized baseline only,S5,65,0.8615384615384616,1.0,0.7857142857142857,0.88,0.71875,1.0,0.8363636363636363,9,0,55.0,0.0
EDA_BVP,Combined SVM + baseline,S5,65,0.8615384615384616,1.0,0.7857142857142857,0.88,0.71875,1.0,0.8363636363636363,9,0,52.0,0.4
EDA_BVP,SVM only,S6,65,0.8,0.9375,0.7317073170731707,0.821917808219178,0.6666666666666666,0.9166666666666666,0.7719298245614035,11,2,20.5,
EDA_BVP,Personalized baseline only,S6,65,0.8923076923076924,1.0,0.8292682926829268,0.9066666666666667,0.7741935483870968,1.0,0.8727272727272727,7,0,55.0,0.0
EDA_BVP,Combined SVM + baseline,S6,65,0.9076923076923077,1.0,0.8536585365853658,0.9210526315789475,0.8,1.0,0.888888888888889,6,0,52.5,0.4
EDA_BVP,SVM only,S7,64,0.359375,0.0,0.0,0.0,0.359375,1.0,0.5287356321839081,41,0,20.5,
EDA_BVP,Personalized baseline only,S7,64,0.875,0.851063829787234,0.975609756097561,0.9090909090909092,0.9411764705882353,0.6956521739130435,0.7999999999999999,1,7,66.0,0.0
EDA_BVP,Combined SVM + baseline,S7,64,0.53125,0.9230769230769231,0.2926829268292683,0.4444444444444444,0.43137254901960786,0.9565217391304348,0.5945945945945946,29,1,51.5,0.5
EDA_BVP,SVM only,S8,66,0.8484848484848485,0.8780487804878049,0.8780487804878049,0.8780487804878049,0.8,0.8,0.8000000000000002,5,5,13.0,
EDA_BVP,Personalized baseline only,S8,66,0.8636363636363636,1.0,0.7804878048780488,0.8767123287671234,0.7352941176470589,1.0,0.8474576271186441,9,0,55.0,0.0
EDA_BVP,Combined SVM + baseline,S8,66,0.9393939393939394,0.9512195121951219,0.9512195121951219,0.9512195121951219,0.92,0.92,0.92,2,2,55.0,0.4
EDA_BVP,SVM only,S9,64,0.8125,0.8536585365853658,0.8536585365853658,0.8536585365853658,0.7391304347826086,0.7391304347826086,0.7391304347826085,6,6,10.0,
EDA_BVP,Personalized baseline only,S9,64,0.96875,1.0,0.9512195121951219,0.975,0.92,1.0,0.9583333333333334,2,0,55.0,0.0
EDA_BVP,Combined SVM + baseline,S9,64,0.953125,1.0,0.926829268292683,0.9620253164556963,0.8846153846153846,1.0,0.9387755102040816,3,0,45.5,0.5
EDA_BVP_TEMP,SVM only,S10,67,0.5970149253731343,0.6458333333333334,0.7560975609756098,0.6966292134831461,0.47368421052631576,0.34615384615384615,0.39999999999999997,10,17,38.5,
EDA_BVP_TEMP,Personalized baseline only,S10,67,0.9850746268656716,1.0,0.975609756097561,0.9876543209876543,0.9629629629629629,1.0,0.9811320754716981,1,0,66.0,0.0
EDA_BVP_TEMP,Combined SVM + baseline,S10,67,0.9850746268656716,1.0,0.975609756097561,0.9876543209876543,0.9629629629629629,1.0,0.9811320754716981,1,0,55.0,0.4
EDA_BVP_TEMP,SVM only,S11,67,0.9850746268656716,1.0,0.9761904761904762,0.9879518072289156,0.9615384615384616,1.0,0.9803921568627451,1,0,17.0,
EDA_BVP_TEMP,Personalized baseline only,S11,67,0.9850746268656716,0.9767441860465116,1.0,0.988235294117647,1.0,0.96,0.9795918367346939,0,1,66.0,0.0
EDA_BVP_TEMP,Combined SVM + baseline,S11,67,1.0,1.0,1.0,1.0,1.0,1.0,1.0,0,0,57.5,0.30000000000000004
EDA_BVP_TEMP,SVM only,S13,66,0.5909090909090909,0.631578947368421,0.8571428571428571,0.7272727272727273,0.3333333333333333,0.125,0.18181818181818182,6,21,43.5,
EDA_BVP_TEMP,Personalized baseline only,S13,66,0.9848484848484849,0.9767441860465116,1.0,0.988235294117647,1.0,0.9583333333333334,0.9787234042553191,0,1,66.0,0.0
EDA_BVP_TEMP,Combined SVM + baseline,S13,66,0.9848484848484849,1.0,0.9761904761904762,0.9879518072289156,0.96,1.0,0.9795918367346939,1,0,58.5,0.30000000000000004
EDA_BVP_TEMP,SVM only,S14,65,0.8153846153846154,0.8536585365853658,0.8536585365853658,0.8536585365853658,0.75,0.75,0.75,6,6,19.5,
EDA_BVP_TEMP,Personalized baseline only,S14,65,0.9384615384615385,1.0,0.9024390243902439,0.9487179487179488,0.8571428571428571,1.0,0.923076923076923,4,0,66.0,0.0
EDA_BVP_TEMP,Combined SVM + baseline,S14,65,0.9230769230769231,0.9736842105263158,0.9024390243902439,0.9367088607594938,0.8518518518518519,0.9583333333333334,0.9019607843137256,4,1,57.5,0.30000000000000004
EDA_BVP_TEMP,SVM only,S15,66,0.7878787878787878,0.8857142857142857,0.7560975609756098,0.8157894736842105,0.6774193548387096,0.84,0.75,10,4,14.0,
EDA_BVP_TEMP,Personalized baseline only,S15,66,1.0,1.0,1.0,1.0,1.0,1.0,1.0,0,0,66.0,0.0
EDA_BVP_TEMP,Combined SVM + baseline,S15,66,1.0,1.0,1.0,1.0,1.0,1.0,1.0,0,0,58.5,0.30000000000000004
EDA_BVP_TEMP,SVM only,S16,65,0.8153846153846154,1.0,0.7073170731707317,0.8285714285714285,0.6666666666666666,1.0,0.8,12,0,17.5,
EDA_BVP_TEMP,Personalized baseline only,S16,65,0.9692307692307692,1.0,0.9512195121951219,0.975,0.9230769230769231,1.0,0.9600000000000001,2,0,66.0,0.0
EDA_BVP_TEMP,Combined SVM + baseline,S16,65,1.0,1.0,1.0,1.0,1.0,1.0,1.0,0,0,59.0,0.30000000000000004
EDA_BVP_TEMP,SVM only,S17,67,0.746268656716418,0.8157894736842105,0.7560975609756098,0.7848101265822786,0.6551724137931034,0.7307692307692307,0.6909090909090909,10,7,31.5,
EDA_BVP_TEMP,Personalized baseline only,S17,67,0.9402985074626866,1.0,0.9024390243902439,0.9487179487179488,0.8666666666666667,1.0,0.9285714285714286,4,0,66.0,0.0
EDA_BVP_TEMP,Combined SVM + baseline,S17,67,0.9402985074626866,1.0,0.9024390243902439,0.9487179487179488,0.8666666666666667,1.0,0.9285714285714286,4,0,57.0,0.30000000000000004
EDA_BVP_TEMP,SVM only,S2,63,0.9682539682539683,0.9523809523809523,1.0,0.975609756097561,1.0,0.9130434782608695,0.9545454545454545,0,2,29.5,
EDA_BVP_TEMP,Personalized baseline only,S2,63,0.873015873015873,1.0,0.8,0.888888888888889,0.7419354838709677,1.0,0.8518518518518519,8,0,66.0,0.0
EDA_BVP_TEMP,Combined SVM + baseline,S2,63,0.8888888888888888,1.0,0.825,0.9041095890410958,0.7666666666666667,1.0,0.8679245283018869,7,0,59.0,0.30000000000000004
EDA_BVP_TEMP,SVM only,S3,64,0.59375,1.0,0.35,0.5185185185185185,0.48,1.0,0.6486486486486487,26,0,26.5,
EDA_BVP_TEMP,Personalized baseline only,S3,64,0.609375,0.6415094339622641,0.85,0.7311827956989247,0.45454545454545453,0.20833333333333334,0.28571428571428575,6,19,66.0,0.0
EDA_BVP_TEMP,Combined SVM + baseline,S3,64,0.609375,0.6530612244897959,0.8,0.7191011235955055,0.4666666666666667,0.2916666666666667,0.35897435897435903,8,17,65.5,0.2
EDA_BVP_TEMP,SVM only,S4,64,0.953125,1.0,0.926829268292683,0.9620253164556963,0.8846153846153846,1.0,0.9387755102040816,3,0,31.5,
EDA_BVP_TEMP,Personalized baseline only,S4,64,0.859375,1.0,0.7804878048780488,0.8767123287671234,0.71875,1.0,0.8363636363636363,9,0,66.0,0.0
EDA_BVP_TEMP,Combined SVM + baseline,S4,64,0.90625,1.0,0.8536585365853658,0.9210526315789475,0.7931034482758621,1.0,0.8846153846153846,6,0,57.5,0.4
EDA_BVP_TEMP,SVM only,S5,65,0.8,1.0,0.6904761904761905,0.8169014084507042,0.6388888888888888,1.0,0.7796610169491525,13,0,16.0,
EDA_BVP_TEMP,Personalized baseline only,S5,65,0.9230769230769231,1.0,0.8809523809523809,0.9367088607594937,0.8214285714285714,1.0,0.9019607843137255,5,0,66.0,0.0
EDA_BVP_TEMP,Combined SVM + baseline,S5,65,0.9384615384615385,1.0,0.9047619047619048,0.9500000000000001,0.8518518518518519,1.0,0.92,4,0,59.0,0.30000000000000004
EDA_BVP_TEMP,SVM only,S6,65,0.8153846153846154,0.9142857142857143,0.7804878048780488,0.8421052631578947,0.7,0.875,0.7777777777777777,9,3,21.5,
EDA_BVP_TEMP,Personalized baseline only,S6,65,0.9076923076923077,1.0,0.8536585365853658,0.9210526315789475,0.8,1.0,0.888888888888889,6,0,66.0,0.0
EDA_BVP_TEMP,Combined SVM + baseline,S6,65,0.8769230769230769,1.0,0.8048780487804879,0.8918918918918919,0.75,1.0,0.8571428571428571,8,0,57.5,0.30000000000000004
EDA_BVP_TEMP,SVM only,S7,64,0.671875,1.0,0.4878048780487805,0.6557377049180327,0.5227272727272727,1.0,0.6865671641791045,21,0,26.0,
EDA_BVP_TEMP,Personalized baseline only,S7,64,0.84375,0.8163265306122449,0.975609756097561,0.888888888888889,0.9333333333333333,0.6086956521739131,0.7368421052631579,1,9,67.0,0.0
EDA_BVP_TEMP,Combined SVM + baseline,S7,64,0.9375,1.0,0.9024390243902439,0.9487179487179488,0.8518518518518519,1.0,0.92,4,0,58.5,0.4
EDA_BVP_TEMP,SVM only,S8,66,0.9090909090909091,0.9487179487179487,0.9024390243902439,0.9249999999999999,0.8518518518518519,0.92,0.8846153846153846,4,2,17.5,
EDA_BVP_TEMP,Personalized baseline only,S8,66,0.9242424242424242,1.0,0.8780487804878049,0.9350649350649352,0.8333333333333334,1.0,0.9090909090909091,5,0,66.0,0.0
EDA_BVP_TEMP,Combined SVM + baseline,S8,66,0.9545454545454546,1.0,0.926829268292683,0.9620253164556963,0.8928571428571429,1.0,0.9433962264150945,3,0,57.5,0.30000000000000004
EDA_BVP_TEMP,SVM only,S9,64,0.84375,0.8604651162790697,0.9024390243902439,0.8809523809523809,0.8095238095238095,0.7391304347826086,0.7727272727272727,4,6,24.5,
EDA_BVP_TEMP,Personalized baseline only,S9,64,0.984375,1.0,0.975609756097561,0.9876543209876543,0.9583333333333334,1.0,0.9787234042553191,1,0,66.0,0.0
EDA_BVP_TEMP,Combined SVM + baseline,S9,64,0.984375,0.9761904761904762,1.0,0.9879518072289156,1.0,0.9565217391304348,0.9777777777777777,0,1,59.5,0.4
